id,firstname,lastname,email,email2,profession
0,Genovera,Wildermuth,Genovera.Wildermuth@yopmail.com,Genovera.Wildermuth@gmail.com,worker
1,Raina,Gibbeon,Raina.Gibbeon@yopmail.com,Raina.Gibbeon@gmail.com,worker
2,Steffane,Codding,Steffane.Codding@yopmail.com,Steffane.Codding@gmail.com,firefighter
3,Jolyn,Bluh,Jolyn.Bluh@yopmail.com,Jolyn.Bluh@gmail.com,doctor
4,Xylina,Sacken,Xylina.Sacken@yopmail.com,Xylina.Sacken@gmail.com,doctor
5,Chickie,McCutcheon,Chickie.McCutcheon@yopmail.com,Chickie.McCutcheon@gmail.com,developer
6,Sissy,Mendez,Sissy.Mendez@yopmail.com,Sissy.Mendez@gmail.com,firefighter
7,Jackie,Ludewig,Jackie.Ludewig@yopmail.com,Jackie.Ludewig@gmail.com,doctor
8,Eve,Meli,Eve.Meli@yopmail.com,Eve.Meli@gmail.com,doctor
9,Janis,Velick,Janis.Velick@yopmail.com,Janis.Velick@gmail.com,firefighter
10,Cissiee,Paton,Cissiee.Paton@yopmail.com,Cissiee.Paton@gmail.com,doctor
11,Mureil,Allare,Mureil.Allare@yopmail.com,Mureil.Allare@gmail.com,worker
12,Lucille,Colp,Lucille.Colp@yopmail.com,Lucille.Colp@gmail.com,developer
13,Britte,Natalia,Britte.Natalia@yopmail.com,Britte.Natalia@gmail.com,worker
14,Charmaine,Bonilla,Charmaine.Bonilla@yopmail.com,Charmaine.Bonilla@gmail.com,firefighter
15,Sidoney,Buttaro,Sidoney.Buttaro@yopmail.com,Sidoney.Buttaro@gmail.com,worker
16,Elyssa,Byrne,Elyssa.Byrne@yopmail.com,Elyssa.Byrne@gmail.com,developer
17,Janey,Guthrie,Janey.Guthrie@yopmail.com,Janey.Guthrie@gmail.com,firefighter
18,Chickie,Afton,Chickie.Afton@yopmail.com,Chickie.Afton@gmail.com,developer
19,Ebonee,Sabella,Ebonee.Sabella@yopmail.com,Ebonee.Sabella@gmail.com,developer
20,Cassandra,Sheedy,Cassandra.Sheedy@yopmail.com,Cassandra.Sheedy@gmail.com,worker
21,Clementine,Kiyoshi,Clementine.Kiyoshi@yopmail.com,Clementine.Kiyoshi@gmail.com,developer
22,Sue,Yuille,Sue.Yuille@yopmail.com,Sue.Yuille@gmail.com,worker
23,Jerry,Ulphia,Jerry.Ulphia@yopmail.com,Jerry.Ulphia@gmail.com,firefighter
24,Leanna,Gahl,Leanna.Gahl@yopmail.com,Leanna.Gahl@gmail.com,worker
25,Lila,Tristram,Lila.Tristram@yopmail.com,Lila.Tristram@gmail.com,developer
26,Jean,Ulphia,Jean.Ulphia@yopmail.com,Jean.Ulphia@gmail.com,doctor
27,Henriette,Maribeth,Henriette.Maribeth@yopmail.com,Henriette.Maribeth@gmail.com,doctor
28,Kathy,Nelsen,Kathy.Nelsen@yopmail.com,Kathy.Nelsen@gmail.com,developer
29,Netty,Ulphia,Netty.Ulphia@yopmail.com,Netty.Ulphia@gmail.com,firefighter
30,Lorenza,Melan,Lorenza.Melan@yopmail.com,Lorenza.Melan@gmail.com,worker
31,Sashenka,Kirbee,Sashenka.Kirbee@yopmail.com,Sashenka.Kirbee@gmail.com,worker
32,Gui,Himelman,Gui.Himelman@yopmail.com,Gui.Himelman@gmail.com,developer
33,Hannis,Bari,Hannis.Bari@yopmail.com,Hannis.Bari@gmail.com,police officer
34,Judy,Christine,Judy.Christine@yopmail.com,Judy.Christine@gmail.com,worker
35,Asia,Dorcy,Asia.Dorcy@yopmail.com,Asia.Dorcy@gmail.com,firefighter
36,Pearline,Shuler,Pearline.Shuler@yopmail.com,Pearline.Shuler@gmail.com,developer
37,Celene,Torray,Celene.Torray@yopmail.com,Celene.Torray@gmail.com,police officer
38,Elora,Sundin,Elora.Sundin@yopmail.com,Elora.Sundin@gmail.com,developer
39,Jenda,Strephon,Jenda.Strephon@yopmail.com,Jenda.Strephon@gmail.com,developer
40,Fawne,Honoria,Fawne.Honoria@yopmail.com,Fawne.Honoria@gmail.com,police officer
41,Janey,Mathilde,Janey.Mathilde@yopmail.com,Janey.Mathilde@gmail.com,firefighter
42,Viviene,Cookie,Viviene.Cookie@yopmail.com,Viviene.Cookie@gmail.com,police officer
43,Binny,Cherianne,Binny.Cherianne@yopmail.com,Binny.Cherianne@gmail.com,firefighter
44,Marnia,Romelda,Marnia.Romelda@yopmail.com,Marnia.Romelda@gmail.com,doctor
45,Luci,Wallis,Luci.Wallis@yopmail.com,Luci.Wallis@gmail.com,developer
46,Daphne,Hartnett,Daphne.Hartnett@yopmail.com,Daphne.Hartnett@gmail.com,doctor
47,Blondelle,Georas,Blondelle.Georas@yopmail.com,Blondelle.Georas@gmail.com,doctor
48,June,Rustice,June.Rustice@yopmail.com,June.Rustice@gmail.com,police officer
49,Kimmy,Turne,Kimmy.Turne@yopmail.com,Kimmy.Turne@gmail.com,worker
50,Corly,Girardo,Corly.Girardo@yopmail.com,Corly.Girardo@gmail.com,doctor
51,Renie,Afton,Renie.Afton@yopmail.com,Renie.Afton@gmail.com,firefighter
52,Myrtice,Alwin,Myrtice.Alwin@yopmail.com,Myrtice.Alwin@gmail.com,doctor
53,Noelle,Karylin,Noelle.Karylin@yopmail.com,Noelle.Karylin@gmail.com,firefighter
54,Jillayne,Rozanna,Jillayne.Rozanna@yopmail.com,Jillayne.Rozanna@gmail.com,firefighter
55,Brana,Sasnett,Brana.Sasnett@yopmail.com,Brana.Sasnett@gmail.com,firefighter
56,Ariela,Egbert,Ariela.Egbert@yopmail.com,Ariela.Egbert@gmail.com,developer
57,Lacie,Ciro,Lacie.Ciro@yopmail.com,Lacie.Ciro@gmail.com,firefighter
58,Liana,Obed,Liana.Obed@yopmail.com,Liana.Obed@gmail.com,worker
59,Olivette,Ehrman,Olivette.Ehrman@yopmail.com,Olivette.Ehrman@gmail.com,firefighter
60,Carly,Baptlsta,Carly.Baptlsta@yopmail.com,Carly.Baptlsta@gmail.com,police officer
61,Rani,Rosemary,Rani.Rosemary@yopmail.com,Rani.Rosemary@gmail.com,developer
62,Neila,Leonard,Neila.Leonard@yopmail.com,Neila.Leonard@gmail.com,worker
63,Renae,Holtz,Renae.Holtz@yopmail.com,Renae.Holtz@gmail.com,developer
64,Hollie,Keelia,Hollie.Keelia@yopmail.com,Hollie.Keelia@gmail.com,worker
65,Thalia,Casimir,Thalia.Casimir@yopmail.com,Thalia.Casimir@gmail.com,firefighter
66,Lily,Flyn,Lily.Flyn@yopmail.com,Lily.Flyn@gmail.com,developer
67,Taffy,Middleton,Taffy.Middleton@yopmail.com,Taffy.Middleton@gmail.com,police officer
68,Chandra,Creamer,Chandra.Creamer@yopmail.com,Chandra.Creamer@gmail.com,developer
69,Kamilah,Raimondo,Kamilah.Raimondo@yopmail.com,Kamilah.Raimondo@gmail.com,worker
70,Shaine,Hourigan,Shaine.Hourigan@yopmail.com,Shaine.Hourigan@gmail.com,firefighter
71,Nicoli,Daegal,Nicoli.Daegal@yopmail.com,Nicoli.Daegal@gmail.com,doctor
72,Kathy,Sikorski,Kathy.Sikorski@yopmail.com,Kathy.Sikorski@gmail.com,worker
73,Sallie,Tound,Sallie.Tound@yopmail.com,Sallie.Tound@gmail.com,police officer
74,Livvyy,Adalbert,Livvyy.Adalbert@yopmail.com,Livvyy.Adalbert@gmail.com,developer
75,Maye,Celestine,Maye.Celestine@yopmail.com,Maye.Celestine@gmail.com,developer
76,Eugine,Hillel,Eugine.Hillel@yopmail.com,Eugine.Hillel@gmail.com,police officer
77,Dorthy,Karna,Dorthy.Karna@yopmail.com,Dorthy.Karna@gmail.com,police officer
78,Veda,Holtz,Veda.Holtz@yopmail.com,Veda.Holtz@gmail.com,developer
79,Sarette,Rubie,Sarette.Rubie@yopmail.com,Sarette.Rubie@gmail.com,worker
80,Deirdre,Thilda,Deirdre.Thilda@yopmail.com,Deirdre.Thilda@gmail.com,developer
81,Marjie,Chabot,Marjie.Chabot@yopmail.com,Marjie.Chabot@gmail.com,doctor
82,Beverley,Morrill,Beverley.Morrill@yopmail.com,Beverley.Morrill@gmail.com,developer
83,Ardenia,Selway,Ardenia.Selway@yopmail.com,Ardenia.Selway@gmail.com,police officer
84,Iseabal,Kenney,Iseabal.Kenney@yopmail.com,Iseabal.Kenney@gmail.com,police officer
85,Jennica,Stilwell,Jennica.Stilwell@yopmail.com,Jennica.Stilwell@gmail.com,developer
86,Amalie,Mauer,Amalie.Mauer@yopmail.com,Amalie.Mauer@gmail.com,developer
87,Priscilla,Brady,Priscilla.Brady@yopmail.com,Priscilla.Brady@gmail.com,police officer
88,Shannah,Rossner,Shannah.Rossner@yopmail.com,Shannah.Rossner@gmail.com,doctor
89,Evaleen,Ardeha,Evaleen.Ardeha@yopmail.com,Evaleen.Ardeha@gmail.com,developer
90,Mildrid,Evangelia,Mildrid.Evangelia@yopmail.com,Mildrid.Evangelia@gmail.com,doctor
91,Heida,Iiette,Heida.Iiette@yopmail.com,Heida.Iiette@gmail.com,police officer
92,Gertrud,Estella,Gertrud.Estella@yopmail.com,Gertrud.Estella@gmail.com,firefighter
93,Etta,Loeb,Etta.Loeb@yopmail.com,Etta.Loeb@gmail.com,worker
94,Patricia,Jacinda,Patricia.Jacinda@yopmail.com,Patricia.Jacinda@gmail.com,developer
95,Caressa,Suanne,Caressa.Suanne@yopmail.com,Caressa.Suanne@gmail.com,police officer
96,Babita,Trey,Babita.Trey@yopmail.com,Babita.Trey@gmail.com,developer
97,Rani,Martguerita,Rani.Martguerita@yopmail.com,Rani.Martguerita@gmail.com,doctor
98,Clo,Bari,Clo.Bari@yopmail.com,Clo.Bari@gmail.com,worker
99,Silvana,Bonilla,Silvana.Bonilla@yopmail.com,Silvana.Bonilla@gmail.com,developer
100,Vita,Hieronymus,Vita.Hieronymus@yopmail.com,Vita.Hieronymus@gmail.com,developer
101,Katuscha,Kamaria,Katuscha.Kamaria@yopmail.com,Katuscha.Kamaria@gmail.com,police officer
102,Sibella,Ball,Sibella.Ball@yopmail.com,Sibella.Ball@gmail.com,worker
103,Hyacinthe,Diann,Hyacinthe.Diann@yopmail.com,Hyacinthe.Diann@gmail.com,police officer
104,Briney,Morehouse,Briney.Morehouse@yopmail.com,Briney.Morehouse@gmail.com,police officer
105,Ernesta,Adlare,Ernesta.Adlare@yopmail.com,Ernesta.Adlare@gmail.com,doctor
106,Linzy,Greyson,Linzy.Greyson@yopmail.com,Linzy.Greyson@gmail.com,developer
107,Agnese,Bow,Agnese.Bow@yopmail.com,Agnese.Bow@gmail.com,firefighter
108,Nollie,Tayib,Nollie.Tayib@yopmail.com,Nollie.Tayib@gmail.com,doctor
109,Michaelina,Lia,Michaelina.Lia@yopmail.com,Michaelina.Lia@gmail.com,firefighter
110,Ginnie,Rebecka,Ginnie.Rebecka@yopmail.com,Ginnie.Rebecka@gmail.com,developer
111,Sara-Ann,Timon,Sara-Ann.Timon@yopmail.com,Sara-Ann.Timon@gmail.com,police officer
112,Elie,Eckblad,Elie.Eckblad@yopmail.com,Elie.Eckblad@gmail.com,developer
113,Shel,Bow,Shel.Bow@yopmail.com,Shel.Bow@gmail.com,worker
114,Ellette,Swigart,Ellette.Swigart@yopmail.com,Ellette.Swigart@gmail.com,firefighter
115,Genovera,Mata,Genovera.Mata@yopmail.com,Genovera.Mata@gmail.com,police officer
116,Ethel,Naor,Ethel.Naor@yopmail.com,Ethel.Naor@gmail.com,developer
117,Rubie,Peg,Rubie.Peg@yopmail.com,Rubie.Peg@gmail.com,firefighter
118,Dorene,Sibyls,Dorene.Sibyls@yopmail.com,Dorene.Sibyls@gmail.com,doctor
119,Lolita,Hylan,Lolita.Hylan@yopmail.com,Lolita.Hylan@gmail.com,firefighter
120,Sara-Ann,Artie,Sara-Ann.Artie@yopmail.com,Sara-Ann.Artie@gmail.com,firefighter
121,Chrystel,Nore,Chrystel.Nore@yopmail.com,Chrystel.Nore@gmail.com,firefighter
122,Bertine,Cohdwell,Bertine.Cohdwell@yopmail.com,Bertine.Cohdwell@gmail.com,police officer
123,Charissa,Letsou,Charissa.Letsou@yopmail.com,Charissa.Letsou@gmail.com,police officer
124,Deane,Deny,Deane.Deny@yopmail.com,Deane.Deny@gmail.com,worker
125,Mariele,Hertzfeld,Mariele.Hertzfeld@yopmail.com,Mariele.Hertzfeld@gmail.com,developer
126,Devina,Buffum,Devina.Buffum@yopmail.com,Devina.Buffum@gmail.com,doctor
127,Elise,Noman,Elise.Noman@yopmail.com,Elise.Noman@gmail.com,firefighter
128,Ekaterina,Beebe,Ekaterina.Beebe@yopmail.com,Ekaterina.Beebe@gmail.com,worker
129,Anallese,Chesna,Anallese.Chesna@yopmail.com,Anallese.Chesna@gmail.com,doctor
130,Laure,Colbert,Laure.Colbert@yopmail.com,Laure.Colbert@gmail.com,firefighter
131,Fanchon,Munn,Fanchon.Munn@yopmail.com,Fanchon.Munn@gmail.com,firefighter
132,Cam,Erminia,Cam.Erminia@yopmail.com,Cam.Erminia@gmail.com,police officer
133,Edyth,Angelis,Edyth.Angelis@yopmail.com,Edyth.Angelis@gmail.com,police officer
134,Chloris,Dalli,Chloris.Dalli@yopmail.com,Chloris.Dalli@gmail.com,worker
135,Peri,Kauppi,Peri.Kauppi@yopmail.com,Peri.Kauppi@gmail.com,firefighter
136,Coral,Hieronymus,Coral.Hieronymus@yopmail.com,Coral.Hieronymus@gmail.com,developer
137,Kenna,Bach,Kenna.Bach@yopmail.com,Kenna.Bach@gmail.com,worker
138,Tori,Kinnard,Tori.Kinnard@yopmail.com,Tori.Kinnard@gmail.com,doctor
139,Maryellen,Munn,Maryellen.Munn@yopmail.com,Maryellen.Munn@gmail.com,police officer
140,Dorthy,Naor,Dorthy.Naor@yopmail.com,Dorthy.Naor@gmail.com,developer
141,Brynna,Destinee,Brynna.Destinee@yopmail.com,Brynna.Destinee@gmail.com,developer
142,Layla,Daniele,Layla.Daniele@yopmail.com,Layla.Daniele@gmail.com,police officer
143,Theodora,Ruvolo,Theodora.Ruvolo@yopmail.com,Theodora.Ruvolo@gmail.com,police officer
144,Alameda,Katrine,Alameda.Katrine@yopmail.com,Alameda.Katrine@gmail.com,firefighter
145,Phylis,Vins,Phylis.Vins@yopmail.com,Phylis.Vins@gmail.com,doctor
146,Anthia,Sheng,Anthia.Sheng@yopmail.com,Anthia.Sheng@gmail.com,doctor
147,Cissiee,Hashim,Cissiee.Hashim@yopmail.com,Cissiee.Hashim@gmail.com,firefighter
148,Chandra,Brackely,Chandra.Brackely@yopmail.com,Chandra.Brackely@gmail.com,firefighter
149,Florie,Janith,Florie.Janith@yopmail.com,Florie.Janith@gmail.com,doctor
150,Cindelyn,Ingra,Cindelyn.Ingra@yopmail.com,Cindelyn.Ingra@gmail.com,firefighter
151,Korrie,Maisey,Korrie.Maisey@yopmail.com,Korrie.Maisey@gmail.com,firefighter
152,Nelle,Dex,Nelle.Dex@yopmail.com,Nelle.Dex@gmail.com,doctor
153,Zia,Xerxes,Zia.Xerxes@yopmail.com,Zia.Xerxes@gmail.com,police officer
154,Roseline,Virgin,Roseline.Virgin@yopmail.com,Roseline.Virgin@gmail.com,worker
155,Shell,Shama,Shell.Shama@yopmail.com,Shell.Shama@gmail.com,police officer
156,Caritta,Yerkovich,Caritta.Yerkovich@yopmail.com,Caritta.Yerkovich@gmail.com,firefighter
157,Jenda,Gemini,Jenda.Gemini@yopmail.com,Jenda.Gemini@gmail.com,police officer
158,Barbara,Kevon,Barbara.Kevon@yopmail.com,Barbara.Kevon@gmail.com,police officer
159,Madelle,Maisey,Madelle.Maisey@yopmail.com,Madelle.Maisey@gmail.com,police officer
160,Kate,Zrike,Kate.Zrike@yopmail.com,Kate.Zrike@gmail.com,firefighter
161,Dagmar,Loeb,Dagmar.Loeb@yopmail.com,Dagmar.Loeb@gmail.com,doctor
162,Kaja,Ferrell,Kaja.Ferrell@yopmail.com,Kaja.Ferrell@gmail.com,worker
163,Lelah,Chrystel,Lelah.Chrystel@yopmail.com,Lelah.Chrystel@gmail.com,worker
164,Roberta,Baylor,Roberta.Baylor@yopmail.com,Roberta.Baylor@gmail.com,firefighter
165,Cyndie,Boycey,Cyndie.Boycey@yopmail.com,Cyndie.Boycey@gmail.com,worker
166,Petronia,Kussell,Petronia.Kussell@yopmail.com,Petronia.Kussell@gmail.com,worker
167,Adelle,Septima,Adelle.Septima@yopmail.com,Adelle.Septima@gmail.com,developer
168,Celene,Merriott,Celene.Merriott@yopmail.com,Celene.Merriott@gmail.com,worker
169,Nicoli,Hathaway,Nicoli.Hathaway@yopmail.com,Nicoli.Hathaway@gmail.com,worker
170,Elka,Kauppi,Elka.Kauppi@yopmail.com,Elka.Kauppi@gmail.com,worker
171,Christy,Kinnard,Christy.Kinnard@yopmail.com,Christy.Kinnard@gmail.com,firefighter
172,Mireielle,Niles,Mireielle.Niles@yopmail.com,Mireielle.Niles@gmail.com,doctor
173,Katleen,Shelba,Katleen.Shelba@yopmail.com,Katleen.Shelba@gmail.com,doctor
174,Nicoli,Marsden,Nicoli.Marsden@yopmail.com,Nicoli.Marsden@gmail.com,developer
175,Millie,Weitman,Millie.Weitman@yopmail.com,Millie.Weitman@gmail.com,firefighter
176,Renae,Kristi,Renae.Kristi@yopmail.com,Renae.Kristi@gmail.com,police officer
177,Therine,Remmer,Therine.Remmer@yopmail.com,Therine.Remmer@gmail.com,developer
178,Rivalee,Thema,Rivalee.Thema@yopmail.com,Rivalee.Thema@gmail.com,developer
179,Alia,Aprile,Alia.Aprile@yopmail.com,Alia.Aprile@gmail.com,police officer
180,Tilly,Lemuela,Tilly.Lemuela@yopmail.com,Tilly.Lemuela@gmail.com,worker
181,Jackie,Talia,Jackie.Talia@yopmail.com,Jackie.Talia@gmail.com,doctor
182,Noelle,Nelsen,Noelle.Nelsen@yopmail.com,Noelle.Nelsen@gmail.com,firefighter
183,Anestassia,Barney,Anestassia.Barney@yopmail.com,Anestassia.Barney@gmail.com,police officer
184,Mady,Melony,Mady.Melony@yopmail.com,Mady.Melony@gmail.com,doctor
185,Kylynn,Lutero,Kylynn.Lutero@yopmail.com,Kylynn.Lutero@gmail.com,police officer
186,Ketti,Goddard,Ketti.Goddard@yopmail.com,Ketti.Goddard@gmail.com,firefighter
187,Elmira,Merriott,Elmira.Merriott@yopmail.com,Elmira.Merriott@gmail.com,developer
188,Katuscha,Nadia,Katuscha.Nadia@yopmail.com,Katuscha.Nadia@gmail.com,worker
189,Augustine,Matthew,Augustine.Matthew@yopmail.com,Augustine.Matthew@gmail.com,police officer
190,Tabbatha,Holtz,Tabbatha.Holtz@yopmail.com,Tabbatha.Holtz@gmail.com,worker
191,Jennica,Daegal,Jennica.Daegal@yopmail.com,Jennica.Daegal@gmail.com,developer
192,Chrystel,Woodberry,Chrystel.Woodberry@yopmail.com,Chrystel.Woodberry@gmail.com,doctor
193,Malina,Callista,Malina.Callista@yopmail.com,Malina.Callista@gmail.com,developer
194,Elvira,Zuzana,Elvira.Zuzana@yopmail.com,Elvira.Zuzana@gmail.com,doctor
195,Binny,Drisko,Binny.Drisko@yopmail.com,Binny.Drisko@gmail.com,worker
196,Catrina,Newell,Catrina.Newell@yopmail.com,Catrina.Newell@gmail.com,firefighter
197,Margarette,Hieronymus,Margarette.Hieronymus@yopmail.com,Margarette.Hieronymus@gmail.com,doctor
198,Esmeralda,Tound,Esmeralda.Tound@yopmail.com,Esmeralda.Tound@gmail.com,worker
199,Ketti,Frodi,Ketti.Frodi@yopmail.com,Ketti.Frodi@gmail.com,firefighter
200,Elise,Casimir,Elise.Casimir@yopmail.com,Elise.Casimir@gmail.com,firefighter
201,Darlleen,Honoria,Darlleen.Honoria@yopmail.com,Darlleen.Honoria@gmail.com,doctor
202,Anallese,Posner,Anallese.Posner@yopmail.com,Anallese.Posner@gmail.com,doctor
203,Neila,Bakerman,Neila.Bakerman@yopmail.com,Neila.Bakerman@gmail.com,doctor
204,Nadine,Buttaro,Nadine.Buttaro@yopmail.com,Nadine.Buttaro@gmail.com,firefighter
205,Lynea,Imelida,Lynea.Imelida@yopmail.com,Lynea.Imelida@gmail.com,firefighter
206,Valera,Francene,Valera.Francene@yopmail.com,Valera.Francene@gmail.com,developer
207,Winifred,Therine,Winifred.Therine@yopmail.com,Winifred.Therine@gmail.com,firefighter
208,Orelia,Helve,Orelia.Helve@yopmail.com,Orelia.Helve@gmail.com,firefighter
209,Elena,Lilybelle,Elena.Lilybelle@yopmail.com,Elena.Lilybelle@gmail.com,worker
210,Xylina,Olnee,Xylina.Olnee@yopmail.com,Xylina.Olnee@gmail.com,firefighter
211,Elvira,Hachmin,Elvira.Hachmin@yopmail.com,Elvira.Hachmin@gmail.com,doctor
212,Nessie,Colp,Nessie.Colp@yopmail.com,Nessie.Colp@gmail.com,police officer
213,Camile,Federica,Camile.Federica@yopmail.com,Camile.Federica@gmail.com,developer
214,Joceline,Kermit,Joceline.Kermit@yopmail.com,Joceline.Kermit@gmail.com,firefighter
215,Ginnie,Pillsbury,Ginnie.Pillsbury@yopmail.com,Ginnie.Pillsbury@gmail.com,worker
216,Rosabelle,Delp,Rosabelle.Delp@yopmail.com,Rosabelle.Delp@gmail.com,developer
217,Tilly,Papageno,Tilly.Papageno@yopmail.com,Tilly.Papageno@gmail.com,worker
218,Florie,Callista,Florie.Callista@yopmail.com,Florie.Callista@gmail.com,developer
219,Riannon,Gerge,Riannon.Gerge@yopmail.com,Riannon.Gerge@gmail.com,police officer
220,Rubie,Hurley,Rubie.Hurley@yopmail.com,Rubie.Hurley@gmail.com,doctor
221,Glenda,Estella,Glenda.Estella@yopmail.com,Glenda.Estella@gmail.com,doctor
222,Sharai,Blake,Sharai.Blake@yopmail.com,Sharai.Blake@gmail.com,police officer
223,Frank,Noman,Frank.Noman@yopmail.com,Frank.Noman@gmail.com,worker
224,Rosene,Birdella,Rosene.Birdella@yopmail.com,Rosene.Birdella@gmail.com,doctor
225,Edith,Shelba,Edith.Shelba@yopmail.com,Edith.Shelba@gmail.com,firefighter
226,Agnese,Virgin,Agnese.Virgin@yopmail.com,Agnese.Virgin@gmail.com,worker
227,Roslyn,Kenney,Roslyn.Kenney@yopmail.com,Roslyn.Kenney@gmail.com,firefighter
228,Myriam,Etom,Myriam.Etom@yopmail.com,Myriam.Etom@gmail.com,doctor
229,Sam,Hailee,Sam.Hailee@yopmail.com,Sam.Hailee@gmail.com,police officer
230,Candi,Pelagias,Candi.Pelagias@yopmail.com,Candi.Pelagias@gmail.com,doctor
231,Eugine,Freddi,Eugine.Freddi@yopmail.com,Eugine.Freddi@gmail.com,firefighter
232,Zondra,Anton,Zondra.Anton@yopmail.com,Zondra.Anton@gmail.com,developer
233,Jany,Vittoria,Jany.Vittoria@yopmail.com,Jany.Vittoria@gmail.com,police officer
234,Nicoli,Suk,Nicoli.Suk@yopmail.com,Nicoli.Suk@gmail.com,worker
235,Deane,Dash,Deane.Dash@yopmail.com,Deane.Dash@gmail.com,worker
236,Viki,Salchunas,Viki.Salchunas@yopmail.com,Viki.Salchunas@gmail.com,developer
237,Robbi,Sikorski,Robbi.Sikorski@yopmail.com,Robbi.Sikorski@gmail.com,developer
238,Hollie,Jefferey,Hollie.Jefferey@yopmail.com,Hollie.Jefferey@gmail.com,police officer
239,Steffane,Meli,Steffane.Meli@yopmail.com,Steffane.Meli@gmail.com,firefighter
240,Roberta,Pillsbury,Roberta.Pillsbury@yopmail.com,Roberta.Pillsbury@gmail.com,doctor
241,Dagmar,Romelda,Dagmar.Romelda@yopmail.com,Dagmar.Romelda@gmail.com,doctor
242,Celestyna,Muriel,Celestyna.Muriel@yopmail.com,Celestyna.Muriel@gmail.com,developer
243,Meriel,Alice,Meriel.Alice@yopmail.com,Meriel.Alice@gmail.com,firefighter
244,Christy,Lory,Christy.Lory@yopmail.com,Christy.Lory@gmail.com,police officer
245,Jean,Roxanna,Jean.Roxanna@yopmail.com,Jean.Roxanna@gmail.com,developer
246,Estell,Lytton,Estell.Lytton@yopmail.com,Estell.Lytton@gmail.com,police officer
247,Gretal,Kinnard,Gretal.Kinnard@yopmail.com,Gretal.Kinnard@gmail.com,police officer
248,Hermione,Maroney,Hermione.Maroney@yopmail.com,Hermione.Maroney@gmail.com,developer
249,Leia,Gilmour,Leia.Gilmour@yopmail.com,Leia.Gilmour@gmail.com,worker
250,Mireielle,Teryn,Mireielle.Teryn@yopmail.com,Mireielle.Teryn@gmail.com,developer
251,Danny,Hebner,Danny.Hebner@yopmail.com,Danny.Hebner@gmail.com,firefighter
252,Kimmy,Angelis,Kimmy.Angelis@yopmail.com,Kimmy.Angelis@gmail.com,worker
253,Krystle,Helve,Krystle.Helve@yopmail.com,Krystle.Helve@gmail.com,firefighter
254,Lita,Tillford,Lita.Tillford@yopmail.com,Lita.Tillford@gmail.com,firefighter
255,Jere,Paton,Jere.Paton@yopmail.com,Jere.Paton@gmail.com,worker
256,Tressa,Bonilla,Tressa.Bonilla@yopmail.com,Tressa.Bonilla@gmail.com,police officer
257,Daune,Stover,Daune.Stover@yopmail.com,Daune.Stover@gmail.com,firefighter
258,Bertine,Dosia,Bertine.Dosia@yopmail.com,Bertine.Dosia@gmail.com,firefighter
259,Maud,Catie,Maud.Catie@yopmail.com,Maud.Catie@gmail.com,worker
260,Ursulina,Duwalt,Ursulina.Duwalt@yopmail.com,Ursulina.Duwalt@gmail.com,worker
261,Eugine,Burch,Eugine.Burch@yopmail.com,Eugine.Burch@gmail.com,police officer
262,Silvana,Halla,Silvana.Halla@yopmail.com,Silvana.Halla@gmail.com,doctor
263,Loree,Ingra,Loree.Ingra@yopmail.com,Loree.Ingra@gmail.com,developer
264,Marylou,Sawtelle,Marylou.Sawtelle@yopmail.com,Marylou.Sawtelle@gmail.com,firefighter
265,Jeanna,Christal,Jeanna.Christal@yopmail.com,Jeanna.Christal@gmail.com,doctor
266,Mariann,Ajay,Mariann.Ajay@yopmail.com,Mariann.Ajay@gmail.com,doctor
267,Konstance,Braun,Konstance.Braun@yopmail.com,Konstance.Braun@gmail.com,police officer
268,Almeta,Clara,Almeta.Clara@yopmail.com,Almeta.Clara@gmail.com,doctor
269,Vanessa,Rodmann,Vanessa.Rodmann@yopmail.com,Vanessa.Rodmann@gmail.com,doctor
270,Belinda,Jobi,Belinda.Jobi@yopmail.com,Belinda.Jobi@gmail.com,doctor
271,Sadie,Darbie,Sadie.Darbie@yopmail.com,Sadie.Darbie@gmail.com,firefighter
272,Giustina,Zina,Giustina.Zina@yopmail.com,Giustina.Zina@gmail.com,doctor
273,Carmencita,Stilwell,Carmencita.Stilwell@yopmail.com,Carmencita.Stilwell@gmail.com,worker
274,Ermengarde,Kazimir,Ermengarde.Kazimir@yopmail.com,Ermengarde.Kazimir@gmail.com,firefighter
275,Veda,Beebe,Veda.Beebe@yopmail.com,Veda.Beebe@gmail.com,developer
276,Joeann,Hachmin,Joeann.Hachmin@yopmail.com,Joeann.Hachmin@gmail.com,firefighter
277,Donnie,Redmond,Donnie.Redmond@yopmail.com,Donnie.Redmond@gmail.com,developer
278,Jennica,Bury,Jennica.Bury@yopmail.com,Jennica.Bury@gmail.com,firefighter
279,Brandise,Winnick,Brandise.Winnick@yopmail.com,Brandise.Winnick@gmail.com,police officer
280,Amalie,Bakerman,Amalie.Bakerman@yopmail.com,Amalie.Bakerman@gmail.com,doctor
281,Lisette,Santoro,Lisette.Santoro@yopmail.com,Lisette.Santoro@gmail.com,firefighter
282,Ebonee,Tamsky,Ebonee.Tamsky@yopmail.com,Ebonee.Tamsky@gmail.com,worker
283,Abbie,Center,Abbie.Center@yopmail.com,Abbie.Center@gmail.com,doctor
284,Dotty,Hanshaw,Dotty.Hanshaw@yopmail.com,Dotty.Hanshaw@gmail.com,firefighter
285,Eolanda,Annabella,Eolanda.Annabella@yopmail.com,Eolanda.Annabella@gmail.com,firefighter
286,Selma,Cutlerr,Selma.Cutlerr@yopmail.com,Selma.Cutlerr@gmail.com,firefighter
287,Alie,Salvidor,Alie.Salvidor@yopmail.com,Alie.Salvidor@gmail.com,developer
288,Ardeen,Raychel,Ardeen.Raychel@yopmail.com,Ardeen.Raychel@gmail.com,developer
289,Genevra,Corrine,Genevra.Corrine@yopmail.com,Genevra.Corrine@gmail.com,developer
290,Julieta,Revkah,Julieta.Revkah@yopmail.com,Julieta.Revkah@gmail.com,developer
291,Anallese,Sperling,Anallese.Sperling@yopmail.com,Anallese.Sperling@gmail.com,developer
292,Farrah,Saree,Farrah.Saree@yopmail.com,Farrah.Saree@gmail.com,police officer
293,Felice,Lipson,Felice.Lipson@yopmail.com,Felice.Lipson@gmail.com,developer
294,Norine,Gower,Norine.Gower@yopmail.com,Norine.Gower@gmail.com,worker
295,Doralynne,Bonucci,Doralynne.Bonucci@yopmail.com,Doralynne.Bonucci@gmail.com,police officer
296,Anestassia,Torray,Anestassia.Torray@yopmail.com,Anestassia.Torray@gmail.com,worker
297,Loree,Karna,Loree.Karna@yopmail.com,Loree.Karna@gmail.com,doctor
298,Bobinette,Poll,Bobinette.Poll@yopmail.com,Bobinette.Poll@gmail.com,firefighter
299,Brietta,Wenda,Brietta.Wenda@yopmail.com,Brietta.Wenda@gmail.com,doctor
300,Karina,Alice,Karina.Alice@yopmail.com,Karina.Alice@gmail.com,doctor
301,Modestia,Fabiola,Modestia.Fabiola@yopmail.com,Modestia.Fabiola@gmail.com,doctor
302,Tatiania,Carmena,Tatiania.Carmena@yopmail.com,Tatiania.Carmena@gmail.com,worker
303,Glynnis,Earlie,Glynnis.Earlie@yopmail.com,Glynnis.Earlie@gmail.com,police officer
304,Deane,Tyson,Deane.Tyson@yopmail.com,Deane.Tyson@gmail.com,developer
305,Drucie,Teryn,Drucie.Teryn@yopmail.com,Drucie.Teryn@gmail.com,doctor
306,Gui,Gower,Gui.Gower@yopmail.com,Gui.Gower@gmail.com,worker
307,Ninnetta,Greyson,Ninnetta.Greyson@yopmail.com,Ninnetta.Greyson@gmail.com,police officer
308,Alejandra,Eliathas,Alejandra.Eliathas@yopmail.com,Alejandra.Eliathas@gmail.com,worker
309,Gui,Pip,Gui.Pip@yopmail.com,Gui.Pip@gmail.com,worker
310,Peri,Bury,Peri.Bury@yopmail.com,Peri.Bury@gmail.com,firefighter
311,Fawne,McCutcheon,Fawne.McCutcheon@yopmail.com,Fawne.McCutcheon@gmail.com,police officer
312,Sharai,Alwin,Sharai.Alwin@yopmail.com,Sharai.Alwin@gmail.com,police officer
313,Emma,Ciapas,Emma.Ciapas@yopmail.com,Emma.Ciapas@gmail.com,doctor
314,Calla,Joli,Calla.Joli@yopmail.com,Calla.Joli@gmail.com,firefighter
315,Kathy,Chobot,Kathy.Chobot@yopmail.com,Kathy.Chobot@gmail.com,police officer
316,Carree,Longfellow,Carree.Longfellow@yopmail.com,Carree.Longfellow@gmail.com,police officer
317,Michaelina,Toni,Michaelina.Toni@yopmail.com,Michaelina.Toni@gmail.com,worker
318,Ileana,Rubie,Ileana.Rubie@yopmail.com,Ileana.Rubie@gmail.com,doctor
319,Tomasina,Honoria,Tomasina.Honoria@yopmail.com,Tomasina.Honoria@gmail.com,doctor
320,Ada,Mozelle,Ada.Mozelle@yopmail.com,Ada.Mozelle@gmail.com,doctor
321,Roslyn,Danby,Roslyn.Danby@yopmail.com,Roslyn.Danby@gmail.com,doctor
322,Kara-Lynn,Carey,Kara-Lynn.Carey@yopmail.com,Kara-Lynn.Carey@gmail.com,doctor
323,Ginnie,Leonard,Ginnie.Leonard@yopmail.com,Ginnie.Leonard@gmail.com,police officer
324,Chrystel,Jalbert,Chrystel.Jalbert@yopmail.com,Chrystel.Jalbert@gmail.com,developer
325,Jasmina,Anselmi,Jasmina.Anselmi@yopmail.com,Jasmina.Anselmi@gmail.com,police officer
326,Julieta,Kiersten,Julieta.Kiersten@yopmail.com,Julieta.Kiersten@gmail.com,doctor
327,Roseline,Gilbertson,Roseline.Gilbertson@yopmail.com,Roseline.Gilbertson@gmail.com,police officer
328,Amara,Berl,Amara.Berl@yopmail.com,Amara.Berl@gmail.com,developer
329,Kial,Briney,Kial.Briney@yopmail.com,Kial.Briney@gmail.com,developer
330,Christian,Wattenberg,Christian.Wattenberg@yopmail.com,Christian.Wattenberg@gmail.com,doctor
331,Shaine,Killigrew,Shaine.Killigrew@yopmail.com,Shaine.Killigrew@gmail.com,developer
332,Harmonia,Vernier,Harmonia.Vernier@yopmail.com,Harmonia.Vernier@gmail.com,firefighter
333,Asia,Khorma,Asia.Khorma@yopmail.com,Asia.Khorma@gmail.com,developer
334,Myrtice,Pandolfi,Myrtice.Pandolfi@yopmail.com,Myrtice.Pandolfi@gmail.com,developer
335,Nonnah,Fontana,Nonnah.Fontana@yopmail.com,Nonnah.Fontana@gmail.com,worker
336,Emma,Weitman,Emma.Weitman@yopmail.com,Emma.Weitman@gmail.com,firefighter
337,Mellicent,Avi,Mellicent.Avi@yopmail.com,Mellicent.Avi@gmail.com,doctor
338,Sean,Barrus,Sean.Barrus@yopmail.com,Sean.Barrus@gmail.com,developer
339,Paule,Melan,Paule.Melan@yopmail.com,Paule.Melan@gmail.com,developer
340,Jan,Erich,Jan.Erich@yopmail.com,Jan.Erich@gmail.com,worker
341,Margette,Dyche,Margette.Dyche@yopmail.com,Margette.Dyche@gmail.com,police officer
342,Janeczka,Flita,Janeczka.Flita@yopmail.com,Janeczka.Flita@gmail.com,doctor
343,Alameda,Christal,Alameda.Christal@yopmail.com,Alameda.Christal@gmail.com,firefighter
344,Consuela,Hessler,Consuela.Hessler@yopmail.com,Consuela.Hessler@gmail.com,worker
345,Danika,Wilkinson,Danika.Wilkinson@yopmail.com,Danika.Wilkinson@gmail.com,worker
346,Consuela,Niccolo,Consuela.Niccolo@yopmail.com,Consuela.Niccolo@gmail.com,firefighter
347,Linzy,Amasa,Linzy.Amasa@yopmail.com,Linzy.Amasa@gmail.com,police officer
348,Perry,Gaspard,Perry.Gaspard@yopmail.com,Perry.Gaspard@gmail.com,firefighter
349,Sue,Christine,Sue.Christine@yopmail.com,Sue.Christine@gmail.com,firefighter
350,Zsa Zsa,Letsou,Zsa Zsa.Letsou@yopmail.com,Zsa Zsa.Letsou@gmail.com,doctor
351,Hettie,Niles,Hettie.Niles@yopmail.com,Hettie.Niles@gmail.com,developer
352,Karolina,Kunin,Karolina.Kunin@yopmail.com,Karolina.Kunin@gmail.com,developer
353,Peri,My,Peri.My@yopmail.com,Peri.My@gmail.com,firefighter
354,Bernardine,Colleen,Bernardine.Colleen@yopmail.com,Bernardine.Colleen@gmail.com,doctor
355,Lila,Stelle,Lila.Stelle@yopmail.com,Lila.Stelle@gmail.com,doctor
356,Tobe,Cordi,Tobe.Cordi@yopmail.com,Tobe.Cordi@gmail.com,police officer
357,Shandie,Lytton,Shandie.Lytton@yopmail.com,Shandie.Lytton@gmail.com,police officer
358,Madalyn,Willie,Madalyn.Willie@yopmail.com,Madalyn.Willie@gmail.com,developer
359,Silvana,Beebe,Silvana.Beebe@yopmail.com,Silvana.Beebe@gmail.com,police officer
360,Beatriz,Bertold,Beatriz.Bertold@yopmail.com,Beatriz.Bertold@gmail.com,developer
361,Tori,Kinnard,Tori.Kinnard@yopmail.com,Tori.Kinnard@gmail.com,police officer
362,Meg,Old,Meg.Old@yopmail.com,Meg.Old@gmail.com,developer
363,Wileen,Eben,Wileen.Eben@yopmail.com,Wileen.Eben@gmail.com,worker
364,Shell,Ahab,Shell.Ahab@yopmail.com,Shell.Ahab@gmail.com,firefighter
365,Lanna,Screens,Lanna.Screens@yopmail.com,Lanna.Screens@gmail.com,worker
366,Leontine,Sherfield,Leontine.Sherfield@yopmail.com,Leontine.Sherfield@gmail.com,doctor
367,Anthia,Kravits,Anthia.Kravits@yopmail.com,Anthia.Kravits@gmail.com,doctor
368,Madelle,Shelba,Madelle.Shelba@yopmail.com,Madelle.Shelba@gmail.com,police officer
369,Stevana,Olin,Stevana.Olin@yopmail.com,Stevana.Olin@gmail.com,developer
370,Gusella,Phyllis,Gusella.Phyllis@yopmail.com,Gusella.Phyllis@gmail.com,developer
371,Silvana,Carri,Silvana.Carri@yopmail.com,Silvana.Carri@gmail.com,developer
372,Zaria,Elbertina,Zaria.Elbertina@yopmail.com,Zaria.Elbertina@gmail.com,worker
373,Sindee,Schroth,Sindee.Schroth@yopmail.com,Sindee.Schroth@gmail.com,doctor
374,Lory,Plato,Lory.Plato@yopmail.com,Lory.Plato@gmail.com,worker
375,Valli,Gower,Valli.Gower@yopmail.com,Valli.Gower@gmail.com,firefighter
376,Dawn,Melan,Dawn.Melan@yopmail.com,Dawn.Melan@gmail.com,worker
377,Ezmeralda,Malina,Ezmeralda.Malina@yopmail.com,Ezmeralda.Malina@gmail.com,firefighter
378,Abbie,Hebner,Abbie.Hebner@yopmail.com,Abbie.Hebner@gmail.com,worker
379,Joleen,Kat,Joleen.Kat@yopmail.com,Joleen.Kat@gmail.com,police officer
380,Aryn,Delp,Aryn.Delp@yopmail.com,Aryn.Delp@gmail.com,doctor
381,Lilith,Jeanne,Lilith.Jeanne@yopmail.com,Lilith.Jeanne@gmail.com,police officer
382,Glynnis,Bendick,Glynnis.Bendick@yopmail.com,Glynnis.Bendick@gmail.com,worker
383,Ardenia,Hieronymus,Ardenia.Hieronymus@yopmail.com,Ardenia.Hieronymus@gmail.com,police officer
384,Britni,Halla,Britni.Halla@yopmail.com,Britni.Halla@gmail.com,firefighter
385,Ottilie,Sallyann,Ottilie.Sallyann@yopmail.com,Ottilie.Sallyann@gmail.com,developer
386,Fawne,Ehrman,Fawne.Ehrman@yopmail.com,Fawne.Ehrman@gmail.com,doctor
387,Linzy,Longfellow,Linzy.Longfellow@yopmail.com,Linzy.Longfellow@gmail.com,police officer
388,Juliane,Viddah,Juliane.Viddah@yopmail.com,Juliane.Viddah@gmail.com,police officer
389,Linzy,Mozelle,Linzy.Mozelle@yopmail.com,Linzy.Mozelle@gmail.com,firefighter
390,Nikki,Longfellow,Nikki.Longfellow@yopmail.com,Nikki.Longfellow@gmail.com,doctor
391,Melodie,Lanita,Melodie.Lanita@yopmail.com,Melodie.Lanita@gmail.com,firefighter
392,Lacie,Granoff,Lacie.Granoff@yopmail.com,Lacie.Granoff@gmail.com,police officer
393,Genevra,Sperling,Genevra.Sperling@yopmail.com,Genevra.Sperling@gmail.com,firefighter
394,Ofilia,Baylor,Ofilia.Baylor@yopmail.com,Ofilia.Baylor@gmail.com,firefighter
395,Almeta,Eckblad,Almeta.Eckblad@yopmail.com,Almeta.Eckblad@gmail.com,worker
396,Ernesta,Prober,Ernesta.Prober@yopmail.com,Ernesta.Prober@gmail.com,worker
397,Roz,Wiener,Roz.Wiener@yopmail.com,Roz.Wiener@gmail.com,doctor
398,Nonnah,Hamil,Nonnah.Hamil@yopmail.com,Nonnah.Hamil@gmail.com,developer
399,Lynnea,Rhu,Lynnea.Rhu@yopmail.com,Lynnea.Rhu@gmail.com,police officer
400,Shaine,Kirbee,Shaine.Kirbee@yopmail.com,Shaine.Kirbee@gmail.com,doctor
401,Sara-Ann,Dudley,Sara-Ann.Dudley@yopmail.com,Sara-Ann.Dudley@gmail.com,developer
402,Tonia,Truc,Tonia.Truc@yopmail.com,Tonia.Truc@gmail.com,firefighter
403,Binny,Justinn,Binny.Justinn@yopmail.com,Binny.Justinn@gmail.com,firefighter
404,Quintina,Schalles,Quintina.Schalles@yopmail.com,Quintina.Schalles@gmail.com,police officer
405,Codie,Jerald,Codie.Jerald@yopmail.com,Codie.Jerald@gmail.com,firefighter
406,Almeta,Bollay,Almeta.Bollay@yopmail.com,Almeta.Bollay@gmail.com,developer
407,Andree,Medrek,Andree.Medrek@yopmail.com,Andree.Medrek@gmail.com,police officer
408,Nariko,Bahr,Nariko.Bahr@yopmail.com,Nariko.Bahr@gmail.com,developer
409,Nikki,Sibyls,Nikki.Sibyls@yopmail.com,Nikki.Sibyls@gmail.com,worker
410,Addia,Colyer,Addia.Colyer@yopmail.com,Addia.Colyer@gmail.com,firefighter
411,Fernande,Hamil,Fernande.Hamil@yopmail.com,Fernande.Hamil@gmail.com,police officer
412,Amara,Colleen,Amara.Colleen@yopmail.com,Amara.Colleen@gmail.com,firefighter
413,Josephine,Aurelio,Josephine.Aurelio@yopmail.com,Josephine.Aurelio@gmail.com,police officer
414,Cassandra,Brandice,Cassandra.Brandice@yopmail.com,Cassandra.Brandice@gmail.com,developer
415,Mariann,Poppy,Mariann.Poppy@yopmail.com,Mariann.Poppy@gmail.com,police officer
416,Clementine,Penelopa,Clementine.Penelopa@yopmail.com,Clementine.Penelopa@gmail.com,doctor
417,Larine,Firmin,Larine.Firmin@yopmail.com,Larine.Firmin@gmail.com,police officer
418,Zsa Zsa,Oriana,Zsa Zsa.Oriana@yopmail.com,Zsa Zsa.Oriana@gmail.com,developer
419,Paulita,Helfand,Paulita.Helfand@yopmail.com,Paulita.Helfand@gmail.com,developer
420,Ayn,Gilmour,Ayn.Gilmour@yopmail.com,Ayn.Gilmour@gmail.com,worker
421,Esmeralda,Wiener,Esmeralda.Wiener@yopmail.com,Esmeralda.Wiener@gmail.com,firefighter
422,Tabbatha,Kare,Tabbatha.Kare@yopmail.com,Tabbatha.Kare@gmail.com,police officer
423,Concettina,Lindemann,Concettina.Lindemann@yopmail.com,Concettina.Lindemann@gmail.com,worker
424,Bobinette,Garlinda,Bobinette.Garlinda@yopmail.com,Bobinette.Garlinda@gmail.com,doctor
425,Christian,Lattie,Christian.Lattie@yopmail.com,Christian.Lattie@gmail.com,police officer
426,Silvana,Vins,Silvana.Vins@yopmail.com,Silvana.Vins@gmail.com,police officer
427,Myriam,Schlosser,Myriam.Schlosser@yopmail.com,Myriam.Schlosser@gmail.com,doctor
428,Kalina,Hieronymus,Kalina.Hieronymus@yopmail.com,Kalina.Hieronymus@gmail.com,police officer
429,Lelah,Gunn,Lelah.Gunn@yopmail.com,Lelah.Gunn@gmail.com,worker
430,Latisha,Pozzy,Latisha.Pozzy@yopmail.com,Latisha.Pozzy@gmail.com,firefighter
431,Winny,Anyah,Winny.Anyah@yopmail.com,Winny.Anyah@gmail.com,developer
432,Chere,Hull,Chere.Hull@yopmail.com,Chere.Hull@gmail.com,firefighter
433,Lexine,Chabot,Lexine.Chabot@yopmail.com,Lexine.Chabot@gmail.com,worker
434,Inga,Codding,Inga.Codding@yopmail.com,Inga.Codding@gmail.com,doctor
435,Elyssa,Alfons,Elyssa.Alfons@yopmail.com,Elyssa.Alfons@gmail.com,police officer
436,Cathie,Sholley,Cathie.Sholley@yopmail.com,Cathie.Sholley@gmail.com,police officer
437,Kassey,Fax,Kassey.Fax@yopmail.com,Kassey.Fax@gmail.com,worker
438,Jackie,McLaughlin,Jackie.McLaughlin@yopmail.com,Jackie.McLaughlin@gmail.com,developer
439,Ada,Bryna,Ada.Bryna@yopmail.com,Ada.Bryna@gmail.com,worker
440,Sue,Hazlett,Sue.Hazlett@yopmail.com,Sue.Hazlett@gmail.com,firefighter
441,Melisent,Raychel,Melisent.Raychel@yopmail.com,Melisent.Raychel@gmail.com,firefighter
442,Neila,Karl,Neila.Karl@yopmail.com,Neila.Karl@gmail.com,doctor
443,Yvonne,Penelopa,Yvonne.Penelopa@yopmail.com,Yvonne.Penelopa@gmail.com,worker
444,Aeriela,Carey,Aeriela.Carey@yopmail.com,Aeriela.Carey@gmail.com,developer
445,Rosabelle,Fink,Rosabelle.Fink@yopmail.com,Rosabelle.Fink@gmail.com,doctor
446,Beverley,Ludewig,Beverley.Ludewig@yopmail.com,Beverley.Ludewig@gmail.com,firefighter
447,Elie,Paine,Elie.Paine@yopmail.com,Elie.Paine@gmail.com,police officer
448,Nicoli,Ophelia,Nicoli.Ophelia@yopmail.com,Nicoli.Ophelia@gmail.com,police officer
449,Elise,Robertson,Elise.Robertson@yopmail.com,Elise.Robertson@gmail.com,worker
450,Devina,Kinnard,Devina.Kinnard@yopmail.com,Devina.Kinnard@gmail.com,worker
451,Perry,Anestassia,Perry.Anestassia@yopmail.com,Perry.Anestassia@gmail.com,police officer
452,Kathy,Annabella,Kathy.Annabella@yopmail.com,Kathy.Annabella@gmail.com,firefighter
453,Jessy,Mitzi,Jessy.Mitzi@yopmail.com,Jessy.Mitzi@gmail.com,worker
454,Jere,Toor,Jere.Toor@yopmail.com,Jere.Toor@gmail.com,police officer
455,Sashenka,Concha,Sashenka.Concha@yopmail.com,Sashenka.Concha@gmail.com,firefighter
456,Vere,Fredi,Vere.Fredi@yopmail.com,Vere.Fredi@gmail.com,police officer
457,Misha,Cadmar,Misha.Cadmar@yopmail.com,Misha.Cadmar@gmail.com,worker
458,Shel,Dom,Shel.Dom@yopmail.com,Shel.Dom@gmail.com,worker
459,Gilligan,Holbrook,Gilligan.Holbrook@yopmail.com,Gilligan.Holbrook@gmail.com,worker
460,Celisse,Annice,Celisse.Annice@yopmail.com,Celisse.Annice@gmail.com,firefighter
461,Teriann,Croix,Teriann.Croix@yopmail.com,Teriann.Croix@gmail.com,police officer
462,Ivett,Darian,Ivett.Darian@yopmail.com,Ivett.Darian@gmail.com,doctor
463,Mariele,Capello,Mariele.Capello@yopmail.com,Mariele.Capello@gmail.com,doctor
464,Tilly,Atcliffe,Tilly.Atcliffe@yopmail.com,Tilly.Atcliffe@gmail.com,police officer
465,Aimil,Kimmie,Aimil.Kimmie@yopmail.com,Aimil.Kimmie@gmail.com,firefighter
466,Emmey,Herrera,Emmey.Herrera@yopmail.com,Emmey.Herrera@gmail.com,developer
467,Selia,Nahum,Selia.Nahum@yopmail.com,Selia.Nahum@gmail.com,worker
468,Cordi,Seagraves,Cordi.Seagraves@yopmail.com,Cordi.Seagraves@gmail.com,police officer
469,Oona,Ellerey,Oona.Ellerey@yopmail.com,Oona.Ellerey@gmail.com,doctor
470,Corry,Milde,Corry.Milde@yopmail.com,Corry.Milde@gmail.com,police officer
471,Belinda,Jorgan,Belinda.Jorgan@yopmail.com,Belinda.Jorgan@gmail.com,police officer
472,Pamella,Ader,Pamella.Ader@yopmail.com,Pamella.Ader@gmail.com,worker
473,Linet,Wiener,Linet.Wiener@yopmail.com,Linet.Wiener@gmail.com,police officer
474,Janis,Desai,Janis.Desai@yopmail.com,Janis.Desai@gmail.com,developer
475,Tarra,Ingra,Tarra.Ingra@yopmail.com,Tarra.Ingra@gmail.com,firefighter
476,Carly,Forrer,Carly.Forrer@yopmail.com,Carly.Forrer@gmail.com,doctor
477,Aryn,Clarissa,Aryn.Clarissa@yopmail.com,Aryn.Clarissa@gmail.com,firefighter
478,Kathi,Argus,Kathi.Argus@yopmail.com,Kathi.Argus@gmail.com,firefighter
479,Jolyn,Maryanne,Jolyn.Maryanne@yopmail.com,Jolyn.Maryanne@gmail.com,firefighter
480,Marika,Reidar,Marika.Reidar@yopmail.com,Marika.Reidar@gmail.com,worker
481,Michaelina,Hubert,Michaelina.Hubert@yopmail.com,Michaelina.Hubert@gmail.com,firefighter
482,Alexine,Fink,Alexine.Fink@yopmail.com,Alexine.Fink@gmail.com,developer
483,Mildrid,Travax,Mildrid.Travax@yopmail.com,Mildrid.Travax@gmail.com,police officer
484,Roslyn,Jorgan,Roslyn.Jorgan@yopmail.com,Roslyn.Jorgan@gmail.com,developer
485,Dulce,Timon,Dulce.Timon@yopmail.com,Dulce.Timon@gmail.com,doctor
486,Jessy,Bertold,Jessy.Bertold@yopmail.com,Jessy.Bertold@gmail.com,worker
487,Lelah,Decato,Lelah.Decato@yopmail.com,Lelah.Decato@gmail.com,firefighter
488,Wileen,Chapland,Wileen.Chapland@yopmail.com,Wileen.Chapland@gmail.com,police officer
489,Halette,Earlie,Halette.Earlie@yopmail.com,Halette.Earlie@gmail.com,developer
490,Deane,Sheedy,Deane.Sheedy@yopmail.com,Deane.Sheedy@gmail.com,police officer
491,Layla,Ingra,Layla.Ingra@yopmail.com,Layla.Ingra@gmail.com,developer
492,Sophia,Kylander,Sophia.Kylander@yopmail.com,Sophia.Kylander@gmail.com,police officer
493,Constance,Moina,Constance.Moina@yopmail.com,Constance.Moina@gmail.com,worker
494,Mellicent,Erb,Mellicent.Erb@yopmail.com,Mellicent.Erb@gmail.com,developer
495,Ruthe,Raul,Ruthe.Raul@yopmail.com,Ruthe.Raul@gmail.com,worker
496,Evaleen,Selway,Evaleen.Selway@yopmail.com,Evaleen.Selway@gmail.com,developer
497,Tilly,Azeria,Tilly.Azeria@yopmail.com,Tilly.Azeria@gmail.com,doctor
498,Halette,Bury,Halette.Bury@yopmail.com,Halette.Bury@gmail.com,firefighter
499,Raina,Donoghue,Raina.Donoghue@yopmail.com,Raina.Donoghue@gmail.com,police officer
500,Oona,Clywd,Oona.Clywd@yopmail.com,Oona.Clywd@gmail.com,firefighter
501,Tonia,Eiser,Tonia.Eiser@yopmail.com,Tonia.Eiser@gmail.com,developer
502,Valli,Horan,Valli.Horan@yopmail.com,Valli.Horan@gmail.com,doctor
503,Gui,Tremayne,Gui.Tremayne@yopmail.com,Gui.Tremayne@gmail.com,doctor
504,Mellicent,Trinetta,Mellicent.Trinetta@yopmail.com,Mellicent.Trinetta@gmail.com,police officer
505,Flo,Pyle,Flo.Pyle@yopmail.com,Flo.Pyle@gmail.com,developer
506,Rani,Douglass,Rani.Douglass@yopmail.com,Rani.Douglass@gmail.com,developer
507,Jessamyn,Daveta,Jessamyn.Daveta@yopmail.com,Jessamyn.Daveta@gmail.com,developer
508,Merle,Latini,Merle.Latini@yopmail.com,Merle.Latini@gmail.com,police officer
509,Dawn,Iphlgenia,Dawn.Iphlgenia@yopmail.com,Dawn.Iphlgenia@gmail.com,police officer
510,Inga,Jena,Inga.Jena@yopmail.com,Inga.Jena@gmail.com,worker
511,Elise,Wyn,Elise.Wyn@yopmail.com,Elise.Wyn@gmail.com,developer
512,Chastity,Ralfston,Chastity.Ralfston@yopmail.com,Chastity.Ralfston@gmail.com,worker
513,Peri,Mendez,Peri.Mendez@yopmail.com,Peri.Mendez@gmail.com,firefighter
514,Darci,Wandie,Darci.Wandie@yopmail.com,Darci.Wandie@gmail.com,police officer
515,Agnese,Colbert,Agnese.Colbert@yopmail.com,Agnese.Colbert@gmail.com,firefighter
516,Candi,Wenda,Candi.Wenda@yopmail.com,Candi.Wenda@gmail.com,developer
517,Zondra,Mich,Zondra.Mich@yopmail.com,Zondra.Mich@gmail.com,developer
518,Maye,Esmaria,Maye.Esmaria@yopmail.com,Maye.Esmaria@gmail.com,firefighter
519,Gilligan,Elisha,Gilligan.Elisha@yopmail.com,Gilligan.Elisha@gmail.com,firefighter
520,Darci,Toor,Darci.Toor@yopmail.com,Darci.Toor@gmail.com,developer
521,Dawn,Ailyn,Dawn.Ailyn@yopmail.com,Dawn.Ailyn@gmail.com,doctor
522,Riannon,Tound,Riannon.Tound@yopmail.com,Riannon.Tound@gmail.com,developer
523,Rhea,Sprage,Rhea.Sprage@yopmail.com,Rhea.Sprage@gmail.com,doctor
524,Mireielle,Ephrem,Mireielle.Ephrem@yopmail.com,Mireielle.Ephrem@gmail.com,firefighter
525,Lynea,Jehu,Lynea.Jehu@yopmail.com,Lynea.Jehu@gmail.com,developer
526,Tarra,Marijo,Tarra.Marijo@yopmail.com,Tarra.Marijo@gmail.com,doctor
527,Ardys,Vastah,Ardys.Vastah@yopmail.com,Ardys.Vastah@gmail.com,firefighter
528,Randa,Huggins,Randa.Huggins@yopmail.com,Randa.Huggins@gmail.com,doctor
529,Evaleen,Pozzy,Evaleen.Pozzy@yopmail.com,Evaleen.Pozzy@gmail.com,doctor
530,Kelly,Freddi,Kelly.Freddi@yopmail.com,Kelly.Freddi@gmail.com,doctor
531,Alameda,Jeanne,Alameda.Jeanne@yopmail.com,Alameda.Jeanne@gmail.com,worker
532,Althea,Ortrude,Althea.Ortrude@yopmail.com,Althea.Ortrude@gmail.com,doctor
533,Jessamyn,Dyche,Jessamyn.Dyche@yopmail.com,Jessamyn.Dyche@gmail.com,doctor
534,Jorry,Emanuel,Jorry.Emanuel@yopmail.com,Jorry.Emanuel@gmail.com,developer
535,Peri,Linskey,Peri.Linskey@yopmail.com,Peri.Linskey@gmail.com,doctor
536,Tamqrah,Freddi,Tamqrah.Freddi@yopmail.com,Tamqrah.Freddi@gmail.com,police officer
537,Viviene,Calhoun,Viviene.Calhoun@yopmail.com,Viviene.Calhoun@gmail.com,worker
538,Codie,Vittoria,Codie.Vittoria@yopmail.com,Codie.Vittoria@gmail.com,developer
539,Etta,Ahab,Etta.Ahab@yopmail.com,Etta.Ahab@gmail.com,worker
540,Amalie,Candy,Amalie.Candy@yopmail.com,Amalie.Candy@gmail.com,police officer
541,Anestassia,Pascia,Anestassia.Pascia@yopmail.com,Anestassia.Pascia@gmail.com,police officer
542,Madeleine,Teryn,Madeleine.Teryn@yopmail.com,Madeleine.Teryn@gmail.com,doctor
543,Wanda,Bettine,Wanda.Bettine@yopmail.com,Wanda.Bettine@gmail.com,developer
544,Frieda,Clarissa,Frieda.Clarissa@yopmail.com,Frieda.Clarissa@gmail.com,police officer
545,Berta,Grimbly,Berta.Grimbly@yopmail.com,Berta.Grimbly@gmail.com,worker
546,Adore,Felecia,Adore.Felecia@yopmail.com,Adore.Felecia@gmail.com,firefighter
547,Nickie,Scammon,Nickie.Scammon@yopmail.com,Nickie.Scammon@gmail.com,worker
548,Aubrie,Carleen,Aubrie.Carleen@yopmail.com,Aubrie.Carleen@gmail.com,doctor
549,Margette,Martsen,Margette.Martsen@yopmail.com,Margette.Martsen@gmail.com,developer
550,Melina,Georas,Melina.Georas@yopmail.com,Melina.Georas@gmail.com,police officer
551,Harmonia,Ambrosia,Harmonia.Ambrosia@yopmail.com,Harmonia.Ambrosia@gmail.com,firefighter
552,Mellicent,Felecia,Mellicent.Felecia@yopmail.com,Mellicent.Felecia@gmail.com,worker
553,Demetris,Burkle,Demetris.Burkle@yopmail.com,Demetris.Burkle@gmail.com,firefighter
554,Roslyn,Avi,Roslyn.Avi@yopmail.com,Roslyn.Avi@gmail.com,developer
555,Olivette,Riva,Olivette.Riva@yopmail.com,Olivette.Riva@gmail.com,firefighter
556,Amalie,Tyson,Amalie.Tyson@yopmail.com,Amalie.Tyson@gmail.com,doctor
557,Rosanne,McGrody,Rosanne.McGrody@yopmail.com,Rosanne.McGrody@gmail.com,police officer
558,Nadine,Aprile,Nadine.Aprile@yopmail.com,Nadine.Aprile@gmail.com,police officer
559,Annaliese,Roche,Annaliese.Roche@yopmail.com,Annaliese.Roche@gmail.com,firefighter
560,Jenda,Sammons,Jenda.Sammons@yopmail.com,Jenda.Sammons@gmail.com,police officer
561,Kittie,Yate,Kittie.Yate@yopmail.com,Kittie.Yate@gmail.com,doctor
562,Quintina,Monaco,Quintina.Monaco@yopmail.com,Quintina.Monaco@gmail.com,developer
563,Ivett,Yusuk,Ivett.Yusuk@yopmail.com,Ivett.Yusuk@gmail.com,doctor
564,Leia,Raimondo,Leia.Raimondo@yopmail.com,Leia.Raimondo@gmail.com,firefighter
565,Starla,Standing,Starla.Standing@yopmail.com,Starla.Standing@gmail.com,doctor
566,Cacilie,Voletta,Cacilie.Voletta@yopmail.com,Cacilie.Voletta@gmail.com,developer
567,Betta,Tybald,Betta.Tybald@yopmail.com,Betta.Tybald@gmail.com,doctor
568,Gavrielle,Frendel,Gavrielle.Frendel@yopmail.com,Gavrielle.Frendel@gmail.com,firefighter
569,Trudie,Schwejda,Trudie.Schwejda@yopmail.com,Trudie.Schwejda@gmail.com,police officer
570,Camile,Alva,Camile.Alva@yopmail.com,Camile.Alva@gmail.com,police officer
571,Sandie,Guthrie,Sandie.Guthrie@yopmail.com,Sandie.Guthrie@gmail.com,firefighter
572,Jobi,Ingra,Jobi.Ingra@yopmail.com,Jobi.Ingra@gmail.com,worker
573,Emmey,Kunin,Emmey.Kunin@yopmail.com,Emmey.Kunin@gmail.com,worker
574,Vevay,Briney,Vevay.Briney@yopmail.com,Vevay.Briney@gmail.com,developer
575,Adriana,Milson,Adriana.Milson@yopmail.com,Adriana.Milson@gmail.com,police officer
576,Steffane,Yate,Steffane.Yate@yopmail.com,Steffane.Yate@gmail.com,police officer
577,Lonnie,Roche,Lonnie.Roche@yopmail.com,Lonnie.Roche@gmail.com,police officer
578,Amii,Johnsson,Amii.Johnsson@yopmail.com,Amii.Johnsson@gmail.com,developer
579,Catharine,Knowling,Catharine.Knowling@yopmail.com,Catharine.Knowling@gmail.com,police officer
580,Veda,Yusuk,Veda.Yusuk@yopmail.com,Veda.Yusuk@gmail.com,firefighter
581,Dorice,Sawtelle,Dorice.Sawtelle@yopmail.com,Dorice.Sawtelle@gmail.com,police officer
582,Dawn,Grobe,Dawn.Grobe@yopmail.com,Dawn.Grobe@gmail.com,firefighter
583,Tierney,Rebecka,Tierney.Rebecka@yopmail.com,Tierney.Rebecka@gmail.com,worker
584,Glynnis,Celestine,Glynnis.Celestine@yopmail.com,Glynnis.Celestine@gmail.com,doctor
585,Kathi,Forrer,Kathi.Forrer@yopmail.com,Kathi.Forrer@gmail.com,worker
586,Wendi,Means,Wendi.Means@yopmail.com,Wendi.Means@gmail.com,firefighter
587,Josephine,Linskey,Josephine.Linskey@yopmail.com,Josephine.Linskey@gmail.com,developer
588,Annice,Schwejda,Annice.Schwejda@yopmail.com,Annice.Schwejda@gmail.com,worker
589,Dode,Sibyls,Dode.Sibyls@yopmail.com,Dode.Sibyls@gmail.com,doctor
590,Steffane,Middleton,Steffane.Middleton@yopmail.com,Steffane.Middleton@gmail.com,developer
591,Monika,Schwejda,Monika.Schwejda@yopmail.com,Monika.Schwejda@gmail.com,doctor
592,Ariela,Peonir,Ariela.Peonir@yopmail.com,Ariela.Peonir@gmail.com,developer
593,Cissiee,Donell,Cissiee.Donell@yopmail.com,Cissiee.Donell@gmail.com,firefighter
594,Petronia,Billye,Petronia.Billye@yopmail.com,Petronia.Billye@gmail.com,doctor
595,Luci,Hailee,Luci.Hailee@yopmail.com,Luci.Hailee@gmail.com,worker
596,Myriam,Modie,Myriam.Modie@yopmail.com,Myriam.Modie@gmail.com,worker
597,Lindie,Palocz,Lindie.Palocz@yopmail.com,Lindie.Palocz@gmail.com,developer
598,Emilia,Dahlia,Emilia.Dahlia@yopmail.com,Emilia.Dahlia@gmail.com,police officer
599,Jennica,Sandye,Jennica.Sandye@yopmail.com,Jennica.Sandye@gmail.com,doctor
600,Nananne,Heidt,Nananne.Heidt@yopmail.com,Nananne.Heidt@gmail.com,police officer
601,Elka,Sinegold,Elka.Sinegold@yopmail.com,Elka.Sinegold@gmail.com,developer
602,Joleen,Hailee,Joleen.Hailee@yopmail.com,Joleen.Hailee@gmail.com,doctor
603,Corly,Brittani,Corly.Brittani@yopmail.com,Corly.Brittani@gmail.com,doctor
604,Linzy,Erminia,Linzy.Erminia@yopmail.com,Linzy.Erminia@gmail.com,firefighter
605,Valeda,Levey,Valeda.Levey@yopmail.com,Valeda.Levey@gmail.com,worker
606,Agnese,Argus,Agnese.Argus@yopmail.com,Agnese.Argus@gmail.com,developer
607,Aigneis,Pearse,Aigneis.Pearse@yopmail.com,Aigneis.Pearse@gmail.com,developer
608,Fernande,Philoo,Fernande.Philoo@yopmail.com,Fernande.Philoo@gmail.com,doctor
609,Lisette,Weinreb,Lisette.Weinreb@yopmail.com,Lisette.Weinreb@gmail.com,worker
610,Britni,Judye,Britni.Judye@yopmail.com,Britni.Judye@gmail.com,worker
611,Sophia,Erlandson,Sophia.Erlandson@yopmail.com,Sophia.Erlandson@gmail.com,doctor
612,Anthia,Wiener,Anthia.Wiener@yopmail.com,Anthia.Wiener@gmail.com,worker
613,Bibby,Fredi,Bibby.Fredi@yopmail.com,Bibby.Fredi@gmail.com,police officer
614,Tobe,Payson,Tobe.Payson@yopmail.com,Tobe.Payson@gmail.com,doctor
615,Dede,Cloris,Dede.Cloris@yopmail.com,Dede.Cloris@gmail.com,police officer
616,Elvira,Bollay,Elvira.Bollay@yopmail.com,Elvira.Bollay@gmail.com,doctor
617,Trudie,Elvyn,Trudie.Elvyn@yopmail.com,Trudie.Elvyn@gmail.com,worker
618,Emylee,Shaddock,Emylee.Shaddock@yopmail.com,Emylee.Shaddock@gmail.com,firefighter
619,Shauna,Miru,Shauna.Miru@yopmail.com,Shauna.Miru@gmail.com,worker
620,Rebeca,Alarise,Rebeca.Alarise@yopmail.com,Rebeca.Alarise@gmail.com,firefighter
621,Merci,Erlandson,Merci.Erlandson@yopmail.com,Merci.Erlandson@gmail.com,doctor
622,Julieta,Girardo,Julieta.Girardo@yopmail.com,Julieta.Girardo@gmail.com,worker
623,Gertrud,Melleta,Gertrud.Melleta@yopmail.com,Gertrud.Melleta@gmail.com,police officer
624,Sallie,Carey,Sallie.Carey@yopmail.com,Sallie.Carey@gmail.com,doctor
625,Nita,Millda,Nita.Millda@yopmail.com,Nita.Millda@gmail.com,firefighter
626,Emilia,Jeanne,Emilia.Jeanne@yopmail.com,Emilia.Jeanne@gmail.com,doctor
627,Dyann,Burkle,Dyann.Burkle@yopmail.com,Dyann.Burkle@gmail.com,firefighter
628,Corry,Shama,Corry.Shama@yopmail.com,Corry.Shama@gmail.com,developer
629,Robbi,Mauer,Robbi.Mauer@yopmail.com,Robbi.Mauer@gmail.com,developer
630,Concettina,Madaih,Concettina.Madaih@yopmail.com,Concettina.Madaih@gmail.com,police officer
631,Hannis,Sholley,Hannis.Sholley@yopmail.com,Hannis.Sholley@gmail.com,developer
632,Latisha,Milde,Latisha.Milde@yopmail.com,Latisha.Milde@gmail.com,developer
633,Felice,Iaverne,Felice.Iaverne@yopmail.com,Felice.Iaverne@gmail.com,doctor
634,Blondelle,Miru,Blondelle.Miru@yopmail.com,Blondelle.Miru@gmail.com,worker
635,Janey,Masao,Janey.Masao@yopmail.com,Janey.Masao@gmail.com,doctor
636,Clarice,Philoo,Clarice.Philoo@yopmail.com,Clarice.Philoo@gmail.com,doctor
637,Kathy,Natalia,Kathy.Natalia@yopmail.com,Kathy.Natalia@gmail.com,worker
638,Deane,Drus,Deane.Drus@yopmail.com,Deane.Drus@gmail.com,worker
639,Clarice,Colyer,Clarice.Colyer@yopmail.com,Clarice.Colyer@gmail.com,doctor
640,Coral,Pozzy,Coral.Pozzy@yopmail.com,Coral.Pozzy@gmail.com,developer
641,Catrina,Guthrie,Catrina.Guthrie@yopmail.com,Catrina.Guthrie@gmail.com,police officer
642,Rubie,Fry,Rubie.Fry@yopmail.com,Rubie.Fry@gmail.com,worker
643,Hyacinthe,Idelia,Hyacinthe.Idelia@yopmail.com,Hyacinthe.Idelia@gmail.com,worker
644,Dale,Lane,Dale.Lane@yopmail.com,Dale.Lane@gmail.com,worker
645,Nelle,Gombach,Nelle.Gombach@yopmail.com,Nelle.Gombach@gmail.com,worker
646,Sarette,Hamil,Sarette.Hamil@yopmail.com,Sarette.Hamil@gmail.com,police officer
647,Lizzie,Gualtiero,Lizzie.Gualtiero@yopmail.com,Lizzie.Gualtiero@gmail.com,police officer
648,Allyce,Sinegold,Allyce.Sinegold@yopmail.com,Allyce.Sinegold@gmail.com,police officer
649,Emelina,Granoff,Emelina.Granoff@yopmail.com,Emelina.Granoff@gmail.com,developer
650,Britni,Erich,Britni.Erich@yopmail.com,Britni.Erich@gmail.com,doctor
651,Jolyn,Jalbert,Jolyn.Jalbert@yopmail.com,Jolyn.Jalbert@gmail.com,worker
652,Rhea,Thomasina,Rhea.Thomasina@yopmail.com,Rhea.Thomasina@gmail.com,worker
653,Calla,Weaks,Calla.Weaks@yopmail.com,Calla.Weaks@gmail.com,worker
654,Max,Kat,Max.Kat@yopmail.com,Max.Kat@gmail.com,developer
655,Olivette,Gahl,Olivette.Gahl@yopmail.com,Olivette.Gahl@gmail.com,police officer
656,Margette,Roche,Margette.Roche@yopmail.com,Margette.Roche@gmail.com,worker
657,Gaylene,Cristi,Gaylene.Cristi@yopmail.com,Gaylene.Cristi@gmail.com,worker
658,Zaria,Lauraine,Zaria.Lauraine@yopmail.com,Zaria.Lauraine@gmail.com,doctor
659,Olwen,Halsey,Olwen.Halsey@yopmail.com,Olwen.Halsey@gmail.com,firefighter
660,Renae,Primalia,Renae.Primalia@yopmail.com,Renae.Primalia@gmail.com,developer
661,Arabel,Dawkins,Arabel.Dawkins@yopmail.com,Arabel.Dawkins@gmail.com,police officer
662,Anica,Anderea,Anica.Anderea@yopmail.com,Anica.Anderea@gmail.com,firefighter
663,Tani,Ledah,Tani.Ledah@yopmail.com,Tani.Ledah@gmail.com,police officer
664,Mignon,Podvin,Mignon.Podvin@yopmail.com,Mignon.Podvin@gmail.com,worker
665,Dorene,Tarrant,Dorene.Tarrant@yopmail.com,Dorene.Tarrant@gmail.com,police officer
666,Sallie,Schlosser,Sallie.Schlosser@yopmail.com,Sallie.Schlosser@gmail.com,doctor
667,Ebonee,Dominy,Ebonee.Dominy@yopmail.com,Ebonee.Dominy@gmail.com,doctor
668,Mireielle,Shanley,Mireielle.Shanley@yopmail.com,Mireielle.Shanley@gmail.com,doctor
669,Aimil,Vins,Aimil.Vins@yopmail.com,Aimil.Vins@gmail.com,doctor
670,Tressa,Clara,Tressa.Clara@yopmail.com,Tressa.Clara@gmail.com,worker
671,Rochette,Ludewig,Rochette.Ludewig@yopmail.com,Rochette.Ludewig@gmail.com,police officer
672,Berta,Abbot,Berta.Abbot@yopmail.com,Berta.Abbot@gmail.com,firefighter
673,Gratia,Clywd,Gratia.Clywd@yopmail.com,Gratia.Clywd@gmail.com,police officer
674,Antonietta,Gino,Antonietta.Gino@yopmail.com,Antonietta.Gino@gmail.com,developer
675,Jillayne,Morrill,Jillayne.Morrill@yopmail.com,Jillayne.Morrill@gmail.com,doctor
676,Hollie,Hortensia,Hollie.Hortensia@yopmail.com,Hollie.Hortensia@gmail.com,doctor
677,Moyna,Guthrie,Moyna.Guthrie@yopmail.com,Moyna.Guthrie@gmail.com,developer
678,Tracey,Fosque,Tracey.Fosque@yopmail.com,Tracey.Fosque@gmail.com,worker
679,Nonnah,Lewes,Nonnah.Lewes@yopmail.com,Nonnah.Lewes@gmail.com,doctor
680,Hallie,Schonfeld,Hallie.Schonfeld@yopmail.com,Hallie.Schonfeld@gmail.com,police officer
681,Bobinette,Monk,Bobinette.Monk@yopmail.com,Bobinette.Monk@gmail.com,worker
682,June,Aldric,June.Aldric@yopmail.com,June.Aldric@gmail.com,developer
683,Mariann,Publia,Mariann.Publia@yopmail.com,Mariann.Publia@gmail.com,doctor
684,Glynnis,Millda,Glynnis.Millda@yopmail.com,Glynnis.Millda@gmail.com,doctor
685,Vinita,Fiester,Vinita.Fiester@yopmail.com,Vinita.Fiester@gmail.com,developer
686,Clary,Geffner,Clary.Geffner@yopmail.com,Clary.Geffner@gmail.com,worker
687,Morganica,Oneida,Morganica.Oneida@yopmail.com,Morganica.Oneida@gmail.com,police officer
688,Nannie,Mott,Nannie.Mott@yopmail.com,Nannie.Mott@gmail.com,doctor
689,Lolita,Buckler,Lolita.Buckler@yopmail.com,Lolita.Buckler@gmail.com,police officer
690,Merle,Larochelle,Merle.Larochelle@yopmail.com,Merle.Larochelle@gmail.com,developer
691,Loree,Riva,Loree.Riva@yopmail.com,Loree.Riva@gmail.com,doctor
692,Phylis,Fontana,Phylis.Fontana@yopmail.com,Phylis.Fontana@gmail.com,doctor
693,Lily,Nikaniki,Lily.Nikaniki@yopmail.com,Lily.Nikaniki@gmail.com,firefighter
694,Evaleen,Nance,Evaleen.Nance@yopmail.com,Evaleen.Nance@gmail.com,worker
695,Cherrita,Sibyls,Cherrita.Sibyls@yopmail.com,Cherrita.Sibyls@gmail.com,firefighter
696,Genevra,Primalia,Genevra.Primalia@yopmail.com,Genevra.Primalia@gmail.com,worker
697,Brena,Garbe,Brena.Garbe@yopmail.com,Brena.Garbe@gmail.com,firefighter
698,Micheline,Desai,Micheline.Desai@yopmail.com,Micheline.Desai@gmail.com,firefighter
699,Molli,Brittani,Molli.Brittani@yopmail.com,Molli.Brittani@gmail.com,firefighter
700,Robbi,Land,Robbi.Land@yopmail.com,Robbi.Land@gmail.com,doctor
701,Ada,Dearborn,Ada.Dearborn@yopmail.com,Ada.Dearborn@gmail.com,doctor
702,Merry,Jalbert,Merry.Jalbert@yopmail.com,Merry.Jalbert@gmail.com,doctor
703,Hayley,Fancie,Hayley.Fancie@yopmail.com,Hayley.Fancie@gmail.com,police officer
704,Rosabelle,Ferrell,Rosabelle.Ferrell@yopmail.com,Rosabelle.Ferrell@gmail.com,police officer
705,Carly,Dahlia,Carly.Dahlia@yopmail.com,Carly.Dahlia@gmail.com,doctor
706,Priscilla,Carri,Priscilla.Carri@yopmail.com,Priscilla.Carri@gmail.com,firefighter
707,Alejandra,Kenwood,Alejandra.Kenwood@yopmail.com,Alejandra.Kenwood@gmail.com,doctor
708,Melanie,Mata,Melanie.Mata@yopmail.com,Melanie.Mata@gmail.com,firefighter
709,Cassondra,Ardeha,Cassondra.Ardeha@yopmail.com,Cassondra.Ardeha@gmail.com,developer
710,Blondelle,Center,Blondelle.Center@yopmail.com,Blondelle.Center@gmail.com,worker
711,Bertine,Sherfield,Bertine.Sherfield@yopmail.com,Bertine.Sherfield@gmail.com,developer
712,Jany,Felizio,Jany.Felizio@yopmail.com,Jany.Felizio@gmail.com,worker
713,Millie,Helve,Millie.Helve@yopmail.com,Millie.Helve@gmail.com,developer
714,Drucie,Korey,Drucie.Korey@yopmail.com,Drucie.Korey@gmail.com,firefighter
715,Marika,Ahab,Marika.Ahab@yopmail.com,Marika.Ahab@gmail.com,developer
716,Angelique,Dichy,Angelique.Dichy@yopmail.com,Angelique.Dichy@gmail.com,firefighter
717,Deedee,Karl,Deedee.Karl@yopmail.com,Deedee.Karl@gmail.com,police officer
718,Pierette,Corabella,Pierette.Corabella@yopmail.com,Pierette.Corabella@gmail.com,firefighter
719,Dorthy,Newell,Dorthy.Newell@yopmail.com,Dorthy.Newell@gmail.com,worker
720,Joceline,Nester,Joceline.Nester@yopmail.com,Joceline.Nester@gmail.com,doctor
721,Siana,Destinee,Siana.Destinee@yopmail.com,Siana.Destinee@gmail.com,firefighter
722,Jessy,Hull,Jessy.Hull@yopmail.com,Jessy.Hull@gmail.com,developer
723,Gabriellia,Voletta,Gabriellia.Voletta@yopmail.com,Gabriellia.Voletta@gmail.com,firefighter
724,Madelle,Maurine,Madelle.Maurine@yopmail.com,Madelle.Maurine@gmail.com,police officer
725,Ariela,Pierette,Ariela.Pierette@yopmail.com,Ariela.Pierette@gmail.com,doctor
726,Hallie,Ferino,Hallie.Ferino@yopmail.com,Hallie.Ferino@gmail.com,worker
727,Angela,Peonir,Angela.Peonir@yopmail.com,Angela.Peonir@gmail.com,firefighter
728,Arabel,Boycey,Arabel.Boycey@yopmail.com,Arabel.Boycey@gmail.com,firefighter
729,Kenna,Rozanna,Kenna.Rozanna@yopmail.com,Kenna.Rozanna@gmail.com,firefighter
730,Cassandra,Imelida,Cassandra.Imelida@yopmail.com,Cassandra.Imelida@gmail.com,developer
731,Monika,Wareing,Monika.Wareing@yopmail.com,Monika.Wareing@gmail.com,firefighter
732,Magdalena,Cyrie,Magdalena.Cyrie@yopmail.com,Magdalena.Cyrie@gmail.com,developer
733,Ruthe,Dichy,Ruthe.Dichy@yopmail.com,Ruthe.Dichy@gmail.com,police officer
734,Beverley,Uird,Beverley.Uird@yopmail.com,Beverley.Uird@gmail.com,developer
735,Ira,Baptlsta,Ira.Baptlsta@yopmail.com,Ira.Baptlsta@gmail.com,doctor
736,Sharlene,Delacourt,Sharlene.Delacourt@yopmail.com,Sharlene.Delacourt@gmail.com,developer
737,Carol-Jean,Andrel,Carol-Jean.Andrel@yopmail.com,Carol-Jean.Andrel@gmail.com,worker
738,Kerrin,Rossner,Kerrin.Rossner@yopmail.com,Kerrin.Rossner@gmail.com,developer
739,Gilda,Laverne,Gilda.Laverne@yopmail.com,Gilda.Laverne@gmail.com,doctor
740,Myriam,Fennessy,Myriam.Fennessy@yopmail.com,Myriam.Fennessy@gmail.com,developer
741,Cindelyn,Buttaro,Cindelyn.Buttaro@yopmail.com,Cindelyn.Buttaro@gmail.com,firefighter
742,Katleen,McGrody,Katleen.McGrody@yopmail.com,Katleen.McGrody@gmail.com,developer
743,Jaclyn,Vacuva,Jaclyn.Vacuva@yopmail.com,Jaclyn.Vacuva@gmail.com,worker
744,Ileana,Ventre,Ileana.Ventre@yopmail.com,Ileana.Ventre@gmail.com,developer
745,Frieda,Eliathas,Frieda.Eliathas@yopmail.com,Frieda.Eliathas@gmail.com,developer
746,Vere,Elbertina,Vere.Elbertina@yopmail.com,Vere.Elbertina@gmail.com,police officer
747,Elmira,Niccolo,Elmira.Niccolo@yopmail.com,Elmira.Niccolo@gmail.com,firefighter
748,Pamella,Noelyn,Pamella.Noelyn@yopmail.com,Pamella.Noelyn@gmail.com,police officer
749,Jenda,Capello,Jenda.Capello@yopmail.com,Jenda.Capello@gmail.com,developer
750,Renae,Sancho,Renae.Sancho@yopmail.com,Renae.Sancho@gmail.com,firefighter
751,Sara-Ann,Sherfield,Sara-Ann.Sherfield@yopmail.com,Sara-Ann.Sherfield@gmail.com,doctor
752,Mireielle,Bury,Mireielle.Bury@yopmail.com,Mireielle.Bury@gmail.com,police officer
753,Maridel,Francyne,Maridel.Francyne@yopmail.com,Maridel.Francyne@gmail.com,doctor
754,Kirstin,Zamora,Kirstin.Zamora@yopmail.com,Kirstin.Zamora@gmail.com,developer
755,Luci,Oneida,Luci.Oneida@yopmail.com,Luci.Oneida@gmail.com,doctor
756,Marinna,Iiette,Marinna.Iiette@yopmail.com,Marinna.Iiette@gmail.com,police officer
757,Ira,Telfer,Ira.Telfer@yopmail.com,Ira.Telfer@gmail.com,firefighter
758,Brana,Margret,Brana.Margret@yopmail.com,Brana.Margret@gmail.com,worker
759,Sindee,Boycey,Sindee.Boycey@yopmail.com,Sindee.Boycey@gmail.com,developer
760,Peri,Sophronia,Peri.Sophronia@yopmail.com,Peri.Sophronia@gmail.com,doctor
761,Hayley,Wilona,Hayley.Wilona@yopmail.com,Hayley.Wilona@gmail.com,worker
762,Jaclyn,Olnee,Jaclyn.Olnee@yopmail.com,Jaclyn.Olnee@gmail.com,worker
763,Cristabel,Hartnett,Cristabel.Hartnett@yopmail.com,Cristabel.Hartnett@gmail.com,worker
764,Aili,Egbert,Aili.Egbert@yopmail.com,Aili.Egbert@gmail.com,worker
765,Juliane,Louanna,Juliane.Louanna@yopmail.com,Juliane.Louanna@gmail.com,developer
766,Shannah,Gower,Shannah.Gower@yopmail.com,Shannah.Gower@gmail.com,developer
767,Nyssa,Kimmie,Nyssa.Kimmie@yopmail.com,Nyssa.Kimmie@gmail.com,worker
768,Meg,Cristi,Meg.Cristi@yopmail.com,Meg.Cristi@gmail.com,firefighter
769,Brooks,Anselmi,Brooks.Anselmi@yopmail.com,Brooks.Anselmi@gmail.com,police officer
770,Cecile,Telfer,Cecile.Telfer@yopmail.com,Cecile.Telfer@gmail.com,firefighter
771,Monika,Cressida,Monika.Cressida@yopmail.com,Monika.Cressida@gmail.com,developer
772,Mahalia,Saint,Mahalia.Saint@yopmail.com,Mahalia.Saint@gmail.com,police officer
773,Trudie,Rogerio,Trudie.Rogerio@yopmail.com,Trudie.Rogerio@gmail.com,police officer
774,Nadine,Viddah,Nadine.Viddah@yopmail.com,Nadine.Viddah@gmail.com,worker
775,Caressa,Toor,Caressa.Toor@yopmail.com,Caressa.Toor@gmail.com,developer
776,Cassandra,Riva,Cassandra.Riva@yopmail.com,Cassandra.Riva@gmail.com,developer
777,Candy,Arvo,Candy.Arvo@yopmail.com,Candy.Arvo@gmail.com,developer
778,Roseline,Arathorn,Roseline.Arathorn@yopmail.com,Roseline.Arathorn@gmail.com,police officer
779,Dennie,Dawkins,Dennie.Dawkins@yopmail.com,Dennie.Dawkins@gmail.com,doctor
780,Kore,Cavan,Kore.Cavan@yopmail.com,Kore.Cavan@gmail.com,worker
781,Ada,Kunin,Ada.Kunin@yopmail.com,Ada.Kunin@gmail.com,police officer
782,Danika,Afton,Danika.Afton@yopmail.com,Danika.Afton@gmail.com,developer
783,Chloris,Ries,Chloris.Ries@yopmail.com,Chloris.Ries@gmail.com,developer
784,Justinn,Sammons,Justinn.Sammons@yopmail.com,Justinn.Sammons@gmail.com,developer
785,Keelia,Freddi,Keelia.Freddi@yopmail.com,Keelia.Freddi@gmail.com,doctor
786,Frank,Angelis,Frank.Angelis@yopmail.com,Frank.Angelis@gmail.com,firefighter
787,Kathy,Callista,Kathy.Callista@yopmail.com,Kathy.Callista@gmail.com,worker
788,Korrie,Annabella,Korrie.Annabella@yopmail.com,Korrie.Annabella@gmail.com,doctor
789,Dulce,Haerr,Dulce.Haerr@yopmail.com,Dulce.Haerr@gmail.com,firefighter
790,Shell,Xerxes,Shell.Xerxes@yopmail.com,Shell.Xerxes@gmail.com,developer
791,Philis,Stefa,Philis.Stefa@yopmail.com,Philis.Stefa@gmail.com,police officer
792,Olwen,Eno,Olwen.Eno@yopmail.com,Olwen.Eno@gmail.com,doctor
793,Christy,Hieronymus,Christy.Hieronymus@yopmail.com,Christy.Hieronymus@gmail.com,firefighter
794,Joane,Arathorn,Joane.Arathorn@yopmail.com,Joane.Arathorn@gmail.com,worker
795,Ardeen,Harned,Ardeen.Harned@yopmail.com,Ardeen.Harned@gmail.com,worker
796,Jorry,Nester,Jorry.Nester@yopmail.com,Jorry.Nester@gmail.com,police officer
797,Edith,Honoria,Edith.Honoria@yopmail.com,Edith.Honoria@gmail.com,developer
798,Philis,Tatianas,Philis.Tatianas@yopmail.com,Philis.Tatianas@gmail.com,firefighter
799,Gianina,Halsey,Gianina.Halsey@yopmail.com,Gianina.Halsey@gmail.com,worker
800,Maud,Monaco,Maud.Monaco@yopmail.com,Maud.Monaco@gmail.com,doctor
801,Kittie,Baptlsta,Kittie.Baptlsta@yopmail.com,Kittie.Baptlsta@gmail.com,doctor
802,Lynnea,My,Lynnea.My@yopmail.com,Lynnea.My@gmail.com,developer
803,Sam,Haerr,Sam.Haerr@yopmail.com,Sam.Haerr@gmail.com,worker
804,Ermengarde,Elephus,Ermengarde.Elephus@yopmail.com,Ermengarde.Elephus@gmail.com,police officer
805,Carilyn,Anselmi,Carilyn.Anselmi@yopmail.com,Carilyn.Anselmi@gmail.com,police officer
806,Harrietta,Woodberry,Harrietta.Woodberry@yopmail.com,Harrietta.Woodberry@gmail.com,police officer
807,Jillayne,Hubert,Jillayne.Hubert@yopmail.com,Jillayne.Hubert@gmail.com,worker
808,Philis,Rocray,Philis.Rocray@yopmail.com,Philis.Rocray@gmail.com,worker
809,Elmira,Lemuela,Elmira.Lemuela@yopmail.com,Elmira.Lemuela@gmail.com,police officer
810,Clementine,Niles,Clementine.Niles@yopmail.com,Clementine.Niles@gmail.com,firefighter
811,Cordi,Cosenza,Cordi.Cosenza@yopmail.com,Cordi.Cosenza@gmail.com,firefighter
812,Gale,Regan,Gale.Regan@yopmail.com,Gale.Regan@gmail.com,doctor
813,Calla,Fleeta,Calla.Fleeta@yopmail.com,Calla.Fleeta@gmail.com,firefighter
814,Kara-Lynn,Kazimir,Kara-Lynn.Kazimir@yopmail.com,Kara-Lynn.Kazimir@gmail.com,doctor
815,Bobinette,Georas,Bobinette.Georas@yopmail.com,Bobinette.Georas@gmail.com,developer
816,Emylee,Aloise,Emylee.Aloise@yopmail.com,Emylee.Aloise@gmail.com,doctor
817,Gisela,Gerge,Gisela.Gerge@yopmail.com,Gisela.Gerge@gmail.com,doctor
818,Maisey,Deny,Maisey.Deny@yopmail.com,Maisey.Deny@gmail.com,firefighter
819,Calla,Dearborn,Calla.Dearborn@yopmail.com,Calla.Dearborn@gmail.com,firefighter
820,Anestassia,Keily,Anestassia.Keily@yopmail.com,Anestassia.Keily@gmail.com,firefighter
821,Theodora,Tybald,Theodora.Tybald@yopmail.com,Theodora.Tybald@gmail.com,firefighter
822,Ardenia,Bultman,Ardenia.Bultman@yopmail.com,Ardenia.Bultman@gmail.com,firefighter
823,Kittie,Sibyls,Kittie.Sibyls@yopmail.com,Kittie.Sibyls@gmail.com,worker
824,Babita,Kermit,Babita.Kermit@yopmail.com,Babita.Kermit@gmail.com,doctor
825,Sashenka,Drisko,Sashenka.Drisko@yopmail.com,Sashenka.Drisko@gmail.com,firefighter
826,Vinita,Whittaker,Vinita.Whittaker@yopmail.com,Vinita.Whittaker@gmail.com,firefighter
827,Mariele,Pandolfi,Mariele.Pandolfi@yopmail.com,Mariele.Pandolfi@gmail.com,worker
828,Merry,Shirberg,Merry.Shirberg@yopmail.com,Merry.Shirberg@gmail.com,firefighter
829,Bernardine,Tiffa,Bernardine.Tiffa@yopmail.com,Bernardine.Tiffa@gmail.com,worker
830,Tierney,Mata,Tierney.Mata@yopmail.com,Tierney.Mata@gmail.com,police officer
831,Selia,Kussell,Selia.Kussell@yopmail.com,Selia.Kussell@gmail.com,doctor
832,Charlena,Knowling,Charlena.Knowling@yopmail.com,Charlena.Knowling@gmail.com,developer
833,Laurene,Goerke,Laurene.Goerke@yopmail.com,Laurene.Goerke@gmail.com,police officer
834,Celisse,Maiah,Celisse.Maiah@yopmail.com,Celisse.Maiah@gmail.com,police officer
835,Gratia,Gower,Gratia.Gower@yopmail.com,Gratia.Gower@gmail.com,worker
836,Fred,Tomasina,Fred.Tomasina@yopmail.com,Fred.Tomasina@gmail.com,doctor
837,Minne,Monk,Minne.Monk@yopmail.com,Minne.Monk@gmail.com,firefighter
838,Stevana,Mayeda,Stevana.Mayeda@yopmail.com,Stevana.Mayeda@gmail.com,firefighter
839,Darlleen,Monaco,Darlleen.Monaco@yopmail.com,Darlleen.Monaco@gmail.com,doctor
840,Ayn,Oriana,Ayn.Oriana@yopmail.com,Ayn.Oriana@gmail.com,firefighter
841,Gavrielle,Land,Gavrielle.Land@yopmail.com,Gavrielle.Land@gmail.com,developer
842,Rosabelle,Ochs,Rosabelle.Ochs@yopmail.com,Rosabelle.Ochs@gmail.com,developer
843,Annaliese,Fiester,Annaliese.Fiester@yopmail.com,Annaliese.Fiester@gmail.com,police officer
844,Kellen,Faro,Kellen.Faro@yopmail.com,Kellen.Faro@gmail.com,police officer
845,Eugine,Atcliffe,Eugine.Atcliffe@yopmail.com,Eugine.Atcliffe@gmail.com,developer
846,Starla,Zetta,Starla.Zetta@yopmail.com,Starla.Zetta@gmail.com,worker
847,Marsiella,Greyson,Marsiella.Greyson@yopmail.com,Marsiella.Greyson@gmail.com,worker
848,Viviene,Euridice,Viviene.Euridice@yopmail.com,Viviene.Euridice@gmail.com,police officer
849,Lisette,Abernon,Lisette.Abernon@yopmail.com,Lisette.Abernon@gmail.com,developer
850,Dacia,Brunell,Dacia.Brunell@yopmail.com,Dacia.Brunell@gmail.com,doctor
851,Kittie,Yate,Kittie.Yate@yopmail.com,Kittie.Yate@gmail.com,doctor
852,Margalo,Dosia,Margalo.Dosia@yopmail.com,Margalo.Dosia@gmail.com,worker
853,Ira,Gibbeon,Ira.Gibbeon@yopmail.com,Ira.Gibbeon@gmail.com,developer
854,Shauna,Nunci,Shauna.Nunci@yopmail.com,Shauna.Nunci@gmail.com,firefighter
855,Rhoda,Mike,Rhoda.Mike@yopmail.com,Rhoda.Mike@gmail.com,doctor
856,Courtnay,Esmaria,Courtnay.Esmaria@yopmail.com,Courtnay.Esmaria@gmail.com,firefighter
857,Wendi,Oriana,Wendi.Oriana@yopmail.com,Wendi.Oriana@gmail.com,doctor
858,Britte,Schroth,Britte.Schroth@yopmail.com,Britte.Schroth@gmail.com,doctor
859,Roseline,Mozelle,Roseline.Mozelle@yopmail.com,Roseline.Mozelle@gmail.com,firefighter
860,Rochette,Luhe,Rochette.Luhe@yopmail.com,Rochette.Luhe@gmail.com,firefighter
861,Roberta,Goode,Roberta.Goode@yopmail.com,Roberta.Goode@gmail.com,doctor
862,Viki,Skurnik,Viki.Skurnik@yopmail.com,Viki.Skurnik@gmail.com,developer
863,Codie,Latini,Codie.Latini@yopmail.com,Codie.Latini@gmail.com,developer
864,Kara-Lynn,Grayce,Kara-Lynn.Grayce@yopmail.com,Kara-Lynn.Grayce@gmail.com,worker
865,Daphne,Genna,Daphne.Genna@yopmail.com,Daphne.Genna@gmail.com,firefighter
866,Sophia,Morgun,Sophia.Morgun@yopmail.com,Sophia.Morgun@gmail.com,worker
867,Catrina,Marden,Catrina.Marden@yopmail.com,Catrina.Marden@gmail.com,worker
868,Ira,Garek,Ira.Garek@yopmail.com,Ira.Garek@gmail.com,firefighter
869,Abbie,Baudin,Abbie.Baudin@yopmail.com,Abbie.Baudin@gmail.com,worker
870,Marylou,Hoenack,Marylou.Hoenack@yopmail.com,Marylou.Hoenack@gmail.com,police officer
871,Jenilee,Terrence,Jenilee.Terrence@yopmail.com,Jenilee.Terrence@gmail.com,doctor
872,Gaylene,Croix,Gaylene.Croix@yopmail.com,Gaylene.Croix@gmail.com,firefighter
873,Corina,Eckblad,Corina.Eckblad@yopmail.com,Corina.Eckblad@gmail.com,doctor
874,Tierney,Carvey,Tierney.Carvey@yopmail.com,Tierney.Carvey@gmail.com,developer
875,Fanchon,Means,Fanchon.Means@yopmail.com,Fanchon.Means@gmail.com,developer
876,Clementine,Chauncey,Clementine.Chauncey@yopmail.com,Clementine.Chauncey@gmail.com,doctor
877,Leia,Thad,Leia.Thad@yopmail.com,Leia.Thad@gmail.com,doctor
878,Cassandra,Neva,Cassandra.Neva@yopmail.com,Cassandra.Neva@gmail.com,police officer
879,Jessy,Fancie,Jessy.Fancie@yopmail.com,Jessy.Fancie@gmail.com,worker
880,Lesly,Margret,Lesly.Margret@yopmail.com,Lesly.Margret@gmail.com,firefighter
881,Adore,Drisko,Adore.Drisko@yopmail.com,Adore.Drisko@gmail.com,firefighter
882,Hildegaard,Knowling,Hildegaard.Knowling@yopmail.com,Hildegaard.Knowling@gmail.com,police officer
883,Dawn,Vale,Dawn.Vale@yopmail.com,Dawn.Vale@gmail.com,police officer
884,Judy,Evangelia,Judy.Evangelia@yopmail.com,Judy.Evangelia@gmail.com,doctor
885,Valera,Lilybelle,Valera.Lilybelle@yopmail.com,Valera.Lilybelle@gmail.com,doctor
886,Noelle,Berl,Noelle.Berl@yopmail.com,Noelle.Berl@gmail.com,worker
887,Lanae,Lilas,Lanae.Lilas@yopmail.com,Lanae.Lilas@gmail.com,doctor
888,Britte,Zenas,Britte.Zenas@yopmail.com,Britte.Zenas@gmail.com,worker
889,Letizia,Sawtelle,Letizia.Sawtelle@yopmail.com,Letizia.Sawtelle@gmail.com,developer
890,Tierney,Evangelia,Tierney.Evangelia@yopmail.com,Tierney.Evangelia@gmail.com,firefighter
891,Bertine,Annabella,Bertine.Annabella@yopmail.com,Bertine.Annabella@gmail.com,police officer
892,Cathie,Tice,Cathie.Tice@yopmail.com,Cathie.Tice@gmail.com,doctor
893,Bobbi,Fillbert,Bobbi.Fillbert@yopmail.com,Bobbi.Fillbert@gmail.com,worker
894,Lenna,Giule,Lenna.Giule@yopmail.com,Lenna.Giule@gmail.com,doctor
895,Fanchon,Fry,Fanchon.Fry@yopmail.com,Fanchon.Fry@gmail.com,developer
896,Alyda,Llovera,Alyda.Llovera@yopmail.com,Alyda.Llovera@gmail.com,worker
897,Nessie,Shama,Nessie.Shama@yopmail.com,Nessie.Shama@gmail.com,police officer
898,Viki,Bryna,Viki.Bryna@yopmail.com,Viki.Bryna@gmail.com,firefighter
899,Genovera,Thad,Genovera.Thad@yopmail.com,Genovera.Thad@gmail.com,police officer
900,Anica,Ledah,Anica.Ledah@yopmail.com,Anica.Ledah@gmail.com,developer
901,Lita,Standing,Lita.Standing@yopmail.com,Lita.Standing@gmail.com,police officer
902,Emmey,Plato,Emmey.Plato@yopmail.com,Emmey.Plato@gmail.com,worker
903,Brandise,Bari,Brandise.Bari@yopmail.com,Brandise.Bari@gmail.com,doctor
904,Marylou,Muriel,Marylou.Muriel@yopmail.com,Marylou.Muriel@gmail.com,firefighter
905,Paola,August,Paola.August@yopmail.com,Paola.August@gmail.com,worker
906,Dania,Blake,Dania.Blake@yopmail.com,Dania.Blake@gmail.com,worker
907,Amelia,Dichy,Amelia.Dichy@yopmail.com,Amelia.Dichy@gmail.com,firefighter
908,Joleen,Dex,Joleen.Dex@yopmail.com,Joleen.Dex@gmail.com,doctor
909,Rivalee,Dosia,Rivalee.Dosia@yopmail.com,Rivalee.Dosia@gmail.com,police officer
910,Josephine,Land,Josephine.Land@yopmail.com,Josephine.Land@gmail.com,doctor
911,Frank,Louanna,Frank.Louanna@yopmail.com,Frank.Louanna@gmail.com,worker
912,Meriel,Rugen,Meriel.Rugen@yopmail.com,Meriel.Rugen@gmail.com,police officer
913,Marguerite,Dituri,Marguerite.Dituri@yopmail.com,Marguerite.Dituri@gmail.com,police officer
914,Lilith,Kauppi,Lilith.Kauppi@yopmail.com,Lilith.Kauppi@gmail.com,firefighter
915,Mallory,Tengdin,Mallory.Tengdin@yopmail.com,Mallory.Tengdin@gmail.com,police officer
916,Dione,Hillel,Dione.Hillel@yopmail.com,Dione.Hillel@gmail.com,doctor
917,Marcy,Jobi,Marcy.Jobi@yopmail.com,Marcy.Jobi@gmail.com,doctor
918,Christian,Rona,Christian.Rona@yopmail.com,Christian.Rona@gmail.com,doctor
919,Janis,McGrody,Janis.McGrody@yopmail.com,Janis.McGrody@gmail.com,developer
920,Aili,Robertson,Aili.Robertson@yopmail.com,Aili.Robertson@gmail.com,worker
921,Annecorinne,Grosz,Annecorinne.Grosz@yopmail.com,Annecorinne.Grosz@gmail.com,worker
922,Jinny,Mich,Jinny.Mich@yopmail.com,Jinny.Mich@gmail.com,firefighter
923,Nikki,Romelda,Nikki.Romelda@yopmail.com,Nikki.Romelda@gmail.com,worker
924,Edee,Colyer,Edee.Colyer@yopmail.com,Edee.Colyer@gmail.com,firefighter
925,Desirae,Kylander,Desirae.Kylander@yopmail.com,Desirae.Kylander@gmail.com,developer
926,Danny,Rosette,Danny.Rosette@yopmail.com,Danny.Rosette@gmail.com,developer
927,Tabbatha,Wenda,Tabbatha.Wenda@yopmail.com,Tabbatha.Wenda@gmail.com,worker
928,Shandie,Gerge,Shandie.Gerge@yopmail.com,Shandie.Gerge@gmail.com,firefighter
929,Alyssa,Torray,Alyssa.Torray@yopmail.com,Alyssa.Torray@gmail.com,police officer
930,Leanna,Schlosser,Leanna.Schlosser@yopmail.com,Leanna.Schlosser@gmail.com,worker
931,Chrystel,Dash,Chrystel.Dash@yopmail.com,Chrystel.Dash@gmail.com,police officer
932,Nananne,Oster,Nananne.Oster@yopmail.com,Nananne.Oster@gmail.com,doctor
933,Olivette,Dulciana,Olivette.Dulciana@yopmail.com,Olivette.Dulciana@gmail.com,firefighter
934,Frieda,Wyn,Frieda.Wyn@yopmail.com,Frieda.Wyn@gmail.com,firefighter
935,Mariann,Cleo,Mariann.Cleo@yopmail.com,Mariann.Cleo@gmail.com,developer
936,Shandie,Randene,Shandie.Randene@yopmail.com,Shandie.Randene@gmail.com,worker
937,Monika,Scammon,Monika.Scammon@yopmail.com,Monika.Scammon@gmail.com,police officer
938,Concettina,Liva,Concettina.Liva@yopmail.com,Concettina.Liva@gmail.com,developer
939,Isa,Emmy,Isa.Emmy@yopmail.com,Isa.Emmy@gmail.com,developer
940,Lonnie,Granoff,Lonnie.Granoff@yopmail.com,Lonnie.Granoff@gmail.com,firefighter
941,Kara-Lynn,Gilmour,Kara-Lynn.Gilmour@yopmail.com,Kara-Lynn.Gilmour@gmail.com,firefighter
942,Dianemarie,Thunell,Dianemarie.Thunell@yopmail.com,Dianemarie.Thunell@gmail.com,worker
943,Abbie,Tayib,Abbie.Tayib@yopmail.com,Abbie.Tayib@gmail.com,worker
944,Rosaline,Stanwood,Rosaline.Stanwood@yopmail.com,Rosaline.Stanwood@gmail.com,firefighter
945,Sean,Olympium,Sean.Olympium@yopmail.com,Sean.Olympium@gmail.com,police officer
946,Violet,Boehike,Violet.Boehike@yopmail.com,Violet.Boehike@gmail.com,worker
947,Winny,Grobe,Winny.Grobe@yopmail.com,Winny.Grobe@gmail.com,developer
948,Libbie,Malina,Libbie.Malina@yopmail.com,Libbie.Malina@gmail.com,doctor
949,Kimberley,Nelsen,Kimberley.Nelsen@yopmail.com,Kimberley.Nelsen@gmail.com,doctor
950,Miquela,Milde,Miquela.Milde@yopmail.com,Miquela.Milde@gmail.com,doctor
951,Maryellen,Devlen,Maryellen.Devlen@yopmail.com,Maryellen.Devlen@gmail.com,police officer
952,Kenna,Cleo,Kenna.Cleo@yopmail.com,Kenna.Cleo@gmail.com,firefighter
953,Dorene,Goth,Dorene.Goth@yopmail.com,Dorene.Goth@gmail.com,worker
954,Dania,Lanita,Dania.Lanita@yopmail.com,Dania.Lanita@gmail.com,developer
955,Tersina,Dielu,Tersina.Dielu@yopmail.com,Tersina.Dielu@gmail.com,doctor
956,Moyna,Khorma,Moyna.Khorma@yopmail.com,Moyna.Khorma@gmail.com,firefighter
957,Stephanie,Garek,Stephanie.Garek@yopmail.com,Stephanie.Garek@gmail.com,firefighter
958,Brynna,Gert,Brynna.Gert@yopmail.com,Brynna.Gert@gmail.com,developer
959,Mariann,Iaverne,Mariann.Iaverne@yopmail.com,Mariann.Iaverne@gmail.com,police officer
960,Karena,Natalia,Karena.Natalia@yopmail.com,Karena.Natalia@gmail.com,firefighter
961,Adore,Yam,Adore.Yam@yopmail.com,Adore.Yam@gmail.com,doctor
962,Maridel,Roumell,Maridel.Roumell@yopmail.com,Maridel.Roumell@gmail.com,firefighter
963,Oona,Kamaria,Oona.Kamaria@yopmail.com,Oona.Kamaria@gmail.com,worker
964,Collen,Aldric,Collen.Aldric@yopmail.com,Collen.Aldric@gmail.com,doctor
965,Minne,Tatianas,Minne.Tatianas@yopmail.com,Minne.Tatianas@gmail.com,worker
966,Paule,Dash,Paule.Dash@yopmail.com,Paule.Dash@gmail.com,worker
967,Anallese,Kenwood,Anallese.Kenwood@yopmail.com,Anallese.Kenwood@gmail.com,firefighter
968,Rosene,Ummersen,Rosene.Ummersen@yopmail.com,Rosene.Ummersen@gmail.com,doctor
969,Lonnie,Gibbeon,Lonnie.Gibbeon@yopmail.com,Lonnie.Gibbeon@gmail.com,doctor
970,Katharina,Candy,Katharina.Candy@yopmail.com,Katharina.Candy@gmail.com,worker
971,Grier,Lymann,Grier.Lymann@yopmail.com,Grier.Lymann@gmail.com,doctor
972,Barbara,Chaing,Barbara.Chaing@yopmail.com,Barbara.Chaing@gmail.com,firefighter
973,Sue,Milson,Sue.Milson@yopmail.com,Sue.Milson@gmail.com,firefighter
974,Grier,Connelly,Grier.Connelly@yopmail.com,Grier.Connelly@gmail.com,developer
975,Lily,Sheedy,Lily.Sheedy@yopmail.com,Lily.Sheedy@gmail.com,police officer
976,Hallie,Hailee,Hallie.Hailee@yopmail.com,Hallie.Hailee@gmail.com,worker
977,Marjie,Ovid,Marjie.Ovid@yopmail.com,Marjie.Ovid@gmail.com,worker
978,Jere,Pacorro,Jere.Pacorro@yopmail.com,Jere.Pacorro@gmail.com,worker
979,Coral,Fillbert,Coral.Fillbert@yopmail.com,Coral.Fillbert@gmail.com,police officer
980,Letizia,Ellord,Letizia.Ellord@yopmail.com,Letizia.Ellord@gmail.com,doctor
981,Claresta,Arvo,Claresta.Arvo@yopmail.com,Claresta.Arvo@gmail.com,firefighter
982,Brianna,Larochelle,Brianna.Larochelle@yopmail.com,Brianna.Larochelle@gmail.com,developer
983,Ulrike,Pettiford,Ulrike.Pettiford@yopmail.com,Ulrike.Pettiford@gmail.com,firefighter
984,Kary,Evangelia,Kary.Evangelia@yopmail.com,Kary.Evangelia@gmail.com,worker
985,Linzy,Drus,Linzy.Drus@yopmail.com,Linzy.Drus@gmail.com,worker
986,Joceline,Dahlia,Joceline.Dahlia@yopmail.com,Joceline.Dahlia@gmail.com,developer
987,Gilligan,Jerald,Gilligan.Jerald@yopmail.com,Gilligan.Jerald@gmail.com,police officer
988,Rayna,Flita,Rayna.Flita@yopmail.com,Rayna.Flita@gmail.com,doctor
989,Stacey,Gillan,Stacey.Gillan@yopmail.com,Stacey.Gillan@gmail.com,police officer
990,Catrina,Colyer,Catrina.Colyer@yopmail.com,Catrina.Colyer@gmail.com,police officer
991,Ethel,Quent,Ethel.Quent@yopmail.com,Ethel.Quent@gmail.com,worker
992,Nickie,Bouchard,Nickie.Bouchard@yopmail.com,Nickie.Bouchard@gmail.com,police officer
993,Cherrita,Bonilla,Cherrita.Bonilla@yopmail.com,Cherrita.Bonilla@gmail.com,doctor
994,Anestassia,Mendez,Anestassia.Mendez@yopmail.com,Anestassia.Mendez@gmail.com,police officer
995,Gusella,Roxanna,Gusella.Roxanna@yopmail.com,Gusella.Roxanna@gmail.com,worker
996,Shannah,Irmine,Shannah.Irmine@yopmail.com,Shannah.Irmine@gmail.com,firefighter
997,Corry,Japeth,Corry.Japeth@yopmail.com,Corry.Japeth@gmail.com,firefighter
998,Shaine,Cleavland,Shaine.Cleavland@yopmail.com,Shaine.Cleavland@gmail.com,police officer
999,Camile,Ashok,Camile.Ashok@yopmail.com,Camile.Ashok@gmail.com,doctor